표제,편/권차,저 자,낱권 ISBN,낱권 부가기호,세트 ISBN,세트 부가기호,CIP 제어번호,판차,총서 표제,총서 편차,가격,발행일(예정),발행처,한국십진분류,듀이십진분류,납본여부,출판사홈페이지
기네스 범죄학,,저자 : 이윤호,979-11-85330-99-0,03330?,,,,,,,"20,000",20210930,(주식회사)퍼시픽 도도,,,미납본,
범죄학이 오페라를 만나다,,저자 : 조윤오,979-11-303-1312-2,93350?,,,,,,,"25,000",20210930,(주)박영사,,,미납본,http://www.pybook.co.kr
"범죄수익환수 대상범죄(해설, 사례, 판례)",,저자 : 이주형,979-11-303-3931-3,93360?,,,,,,,"48,000",20210930,(주)박영사,,,미납본,http://www.pybook.co.kr
박준철 범죄학 객관식 기출문제집,,저자 : 박준철,979-11-89815-20-2,13320?,,,,,,,"22,000",20210825,마이패스북스,,,미납본,
이것이 완전범죄다,,저자 : 엘러리 퀸,978-89-97454-46-4,03840?,,,,,,,"15,000",20210811,섬앤섬,,,미납본,
완전범죄 20세기 [세트],,저자 : 위선호,,,979-11-6718-006-3,05810?,,,,,"35,200",20210731,(주)제우미디어,,,미납본,http://www.jeumedia.com
性犯罪保安課 No.1ホストを指名(연재),,저자 : Emiri Ito,979-11-359-2939-7,05650?,,,,,,,연재가,20210722,(주식회사)넥스큐브,,,미납본,
경찰을위한객관식범죄학,,저자 : 김옥현,979-11-5544-174-9,13350?,,,,,,,"30,000",20210721,메티스,,,미납본,http://www.gosi094.com
장승일 범죄학 객관식 문제집,,저자 : 장승일,979-11-6348-328-1,13350?,,,,,,,"34,000",20210715,(주식회사)좋은책,,,미납본,
개정판경비지도사 2차 기출문제 + 모의고사 (경비업법?범죄학),,저자 : 조달환 하만정,978-89-5557-482-1,13350?,,,,개정증보판,,,"28,000",20210710,범론사,,,미납본,
2021학년도 경기도 디지털 성범죄 Watcher,,저자 : 송봉규 김예정 김재호 임수빈 정지원 박예진 김수진 김수아 송시은 김수진 원영채,979-11-372-4951-6,03300?,,,,,,,"16,800",20210705,(주식회사)부크크,,,미납본,
범죄심리학,,저자 : 박지선,978-89-5727-331-9,95180?,,,,3,,,"16,000",20210702,(도서출판)그린,,,미납본,http://www.greenpress.co.kr
분기별 범죄동향 리포트(2021년 1분기),,저자 : 박형민 최지선,979-11-91565-07-2,93330?,,,,,,,비매품/무료,20210701,한국형사법무정책연구원,,,미납본,http://www.kic.re.kr
범죄 심리의 재구성(큰글자도서),,저자 : 고준채,979-11-5633-405-7,03300?,,,,,,,"27,000",20210630,(도서출판)다른,,,미납본,
2021 EBS 경비지도사 범죄학 [일반경비],,저자 : EBS 경비지도사 교수진,979-11-383-0110-7,15350?,,,,개정 10판,,,19600,20210630,(주)시대고시기획시대교육,,,미납본,http://www.sidaegosi.com
2021 EBS 경비지도사 범죄학 [일반경비],,저자 : EBS 경비지도사 교수진,979-11-254-9887-2,13350?,,,,개정 10판,,,28000,20210630,(주)시대고시기획시대교육,,,미납본,http://www.sidaegosi.com
(2020)성범죄백서,,저자 : 법무부 범죄예방정책국 문희갑 손세헌 민덕희 김근한 김상술 김용우 이선구 이민우 홍수민 임수정,979-11-290-2200-4,95330?,,,,,,,"23,000",20210630,진한엠앤비,,,미납본,http://www.jinhanbook.co.kr/
범죄의 역사,,저자 : Victor Hugo,979-11-6665-146-5,05860?,,,,,,,"6,500",20210626,디즈비즈북스,,,미납본,
염력으로 완전범죄(연재),,저자 : 설화담,979-11-01-81385-9,05810?,,,,,,,연재가,20210616,(주식회사)문피아,,,미납본,http://www.munpia.com
괴이한 미스터리 : 범죄 편 큰글자책,,저자 : 엄길윤 황세연 전건우 조동신 한이,979-11-91029-17-8,03810?,,,,,,,"27,000",20210614,나비클럽,,,미납본,
이수정 이은진의 범죄심리 해부노트,,저자 : 이수정 이은진,978-89-349-8875-5,05180?,,,,,,,"9,800",20210611,김영사,,,미납본,
디지털 성범죄 와의 전쟁,,저자 : 최수현,979-11-91527-02-5,75810?,,,,,,,"7,200",20210610,(도서기획출판)엠앤케이,,,미납본,http://www.2030womenselfhelp.cyworld.com
디지털 성범죄와의 전쟁,,최수현 이은주,979-11-91527-01-8,74810?,979-11-87153-00-9,74810?,,,작은 씨앗 큰 나눔,6,12000,20210610,엠앤키즈(M&K),,,미납본,http://www.2030womenselfhelp.cyworld.com
노신 쌩기초 범죄학(비매품),,저자 : 노신,979-11-6662-401-8,13350?,,,,,,,비매품/무료,20210609,해커스패스,,,미납본,http://www.PASS.com
(이수정·이은진의)범죄심리 해부노트,,"이수정,이은진",978-89-349-8691-1,03180?,,,,,,,13800,20210609,김영사,,,미납본,
노신 쌩기초 범죄학,,저자 : 노신,979-11-6662-409-4,13350?,,,,,,,"6,500",20210607,해커스패스,,,미납본,http://www.PASS.com
완전범죄 20세기 12,,저자 : 위선호,979-11-6718-007-0,05810?,979-11-6718-006-3,05810?,,,완전범죄 20세기 [세트],12,"3,200",20210603,(주)제우미디어,,,미납본,http://www.jeumedia.com
한국 범죄심리학,,저자 : 황성현 이창한 이강훈 이완희 이승현,979-11-5730-777-7,95350?,,,,제2판,,0,"35,000",20210531,피앤씨미디어,,,미납본,www.pncmedia.co.kr
고위공직자범죄수사처 법과 제도의 이해: 각국의 검찰제도와 비교법적 관점에서,,저자 : 정웅석,979-11-303-6849-8,95360?,,,,,,,"30,100",20210531,(주)박영사,,,미납본,http://www.pybook.co.kr
경찰을 위한 범죄학,,저자 : 김옥현,979-11-303-6848-1,95350?,,,,,,,19600,20210531,(주)박영사,,,미납본,http://www.pybook.co.kr
지역사회 경찰활동과 범죄예방,,저자 : 임창호,979-11-303-6815-3,95350?,,,,,,,16800,20210531,(주)박영사,,,미납본,http://www.pybook.co.kr
형사전문변호사가 말하는 성범죄 성매매 성희롱(개정판),,저자 : 강민구,979-11-303-6831-3,95360?,,,,개정판,,,16099,20210531,(주)박영사,,,미납본,http://www.pybook.co.kr
범죄수사입문,,저자 : 이관희,979-11-303-6907-5,95350?,,,,,,,18200,20210531,(주)박영사,,,미납본,http://www.pybook.co.kr
경찰범죄학,,저자 : 박종철,979-11-303-6900-6,95350?,,,,,,,14000,20210531,(주)박영사,,,미납본,http://www.pybook.co.kr
범죄피해자를 위한 경찰의 재정적 지원 확보 방안,,저자 : 김학신,979-11-6298-094-1,93350?,,,,,,,비매품/무료,20210521,경찰대학,,,미납본,
알렉상드르 뒤마의 유명한 범죄,,저자 : Alexandre Dumas,979-11-6665-108-3,05860?,,,,,,,"5,500",20210515,디즈비즈북스,,,미납본,
(올라) 범죄수사학,,"편저인: 박노섭,이동희,이윤,장윤식",978-89-5819-239-8,13350?,,,,,,,23000,20210507,경찰공제회,,,미납본,http://www.pmaa.or.kr
범죄와 과학 수사,,저자 : 네버우드,979-11-352-0301-5,74370?,979-11-352-0229-2,74370?,,,어린이 디스커버리,,7000,20210501,블루래빗,,,미납본,
아서 새빌 경의 범죄 [SA0019097],,저자 : 오스카 와일드,,,979-11-357-6720-3,05840?,,,,,"60,000",20210501,(주)오디언소리,,,미납본,http://www.audien.com
반듯한 아이의 범죄심리,,저자 : 가토 타이조 역자 : 장원재,979-11-6649-745-2,05180?,,,,,,,8400,20210430,(주식회사)좋은땅,,,미납본,http://www.g-world.co.kr
울산광역시 디지털 성범죄 실태 및 대응방안,,책임연구: 김안나,979-11-91015-17-1,93330?,,,,,,,비매품/무료,20210430,울산여성가족개발원,,,미납본,
반듯한 아이의 범죄심리,,저자 : 가토 타이조 역자 : 장원재,979-11-6649-719-3,05180?,,,,,,0,"8,400",20210428,(주식회사)좋은땅,,,미납본,http://www.g-world.co.kr
범죄학과 형사사법체계론,,지은이: 김창윤,979-11-303-1291-0,93350?,,,,제2판,,,34000,20210426,박영사,,,미납본,http://www.pybook.co.kr
완전범죄 20세기 1,,저자 : 위선호,978-89-5952-991-9,05810?,979-11-6718-006-3,05810?,,,완전범죄 20세기 [세트],,비매품/무료,20210426,(주)제우미디어,,,미납본,http://www.jeumedia.com
사이버범죄론,,"Jonathan Clough 송영진,박다온,정소연 역",979-11-303-1199-9,93350?,,,,,,,20000,20210426,박영사,,,미납본,http://www.pybook.co.kr
사이버범죄론,,지은이: 전지연,979-11-303-3916-0,93360?,,,,,,,32000,20210423,박영사,,,미납본,http://www.pybook.co.kr
"채다은 변호사가 설명하는 복잡한 법 말고, 진짜 성범죄 사건",,저자 : 채다은,979-11-90755-82-5,03360?,,,,2판,,,"18,000",20210423,(주식회사)필통북스,,,미납본,http://www.feeltongbooks.com/
(Justice) 박상민 범죄학 기본서,,박상민 편저,979-11-971819-6-2,13360?,,,,,,,30000,20210420,Ucon(유어콘텐츠),,,미납본,
완전범죄 20세기 11,,저자 : 위선호,978-89-5952-825-7,05810?,979-11-6718-006-3,05810?,,,완전범죄 20세기 [세트],11,"3,200",20210419,(주)제우미디어,,,미납본,http://www.jeumedia.com
완전범죄 20세기 10,,저자 : 위선호,978-89-5952-776-2,05810?,979-11-6718-006-3,05810?,,,완전범죄 20세기 [세트],10,"3,200",20210419,(주)제우미디어,,,미납본,http://www.jeumedia.com
완전범죄 20세기 9,,저자 : 위선호,978-89-5952-999-5,05810?,979-11-6718-006-3,05810?,,,완전범죄 20세기 [세트],9,"3,200",20210419,(주)제우미디어,,,미납본,http://www.jeumedia.com
완전범죄 20세기 3,,저자 : 위선호,978-89-5952-993-3,05810?,979-11-6718-006-3,05810?,,,완전범죄 20세기 [세트],3,"3,200",20210419,(주)제우미디어,,,미납본,http://www.jeumedia.com
완전범죄 20세기 4,,저자 : 위선호,978-89-5952-994-0,05810?,979-11-6718-006-3,05810?,,,완전범죄 20세기 [세트],4,"3,200",20210419,(주)제우미디어,,,미납본,http://www.jeumedia.com
완전범죄 20세기 7,,저자 : 위선호,978-89-5952-997-1,05810?,979-11-6718-006-3,05810?,,,완전범죄 20세기 [세트],7,"3,200",20210419,(주)제우미디어,,,미납본,http://www.jeumedia.com
완전범죄 20세기 6,,저자 : 위선호,978-89-5952-996-4,05810?,979-11-6718-006-3,05810?,,,완전범죄 20세기 [세트],6,"3,200",20210419,(주)제우미디어,,,미납본,http://www.jeumedia.com
완전범죄 20세기 5,,저자 : 위선호,978-89-5952-995-7,05810?,979-11-6718-006-3,05810?,,,완전범죄 20세기 [세트],5,"3,200",20210419,(주)제우미디어,,,미납본,http://www.jeumedia.com
완전범죄 20세기 8,,저자 : 위선호,978-89-5952-998-8,05810?,979-11-6718-006-3,05810?,,,완전범죄 20세기 [세트],8,"3,200",20210419,(주)제우미디어,,,미납본,http://www.jeumedia.com
완전범죄 20세기 2,,저자 : 위선호,978-89-5952-986-5,05810?,979-11-6718-006-3,05810?,,,완전범죄 20세기 [세트],,"3,200",20210419,(주)제우미디어,,,미납본,http://www.jeumedia.com
초국가적 조직범죄 연구,,함중영 지음,978-89-7218-721-9,93350?,,,,,,,25000,20210415,한양대학교 출판부,,,미납본,http://press.hanyang.ac.kr
변호사가 알려주는 쉽고 재미있는 범죄와 형벌 4,,저자 : 김재호,979-11-91599-04-6,05360?,,,,,,,"5,000",20210406,암마이,,,미납본,
변호사가 알려주는 쉽고 재미있는 범죄와 형벌 3,,저자 : 김재호,979-11-91599-03-9,05360?,,,,,,,"5,000",20210405,암마이,,,미납본,
분기별 범죄동향 리포트(2020년 4분기),,저자 : 박형민 최지선,979-11-91565-03-4,93330?,,,,,,,비매품/무료,20210401,한국형사정책연구원,,,미납본,http://www.kic.re.kr
?범죄학(증보판),,저자 : ?이윤호,979-11-303-6781-1,95350?,,,,증보판,,,20300,20210331,(주)박영사,,,미납본,http://www.pybook.co.kr
?경제범죄수사 실무매뉴얼,,저자 : ?김성택,979-11-303-6795-8,95350?,,,,,,,22400,20210331,(주)박영사,,,미납본,http://www.pybook.co.kr
?범죄학 강의,,저자 : 김재민 이봉한,979-11-303-6791-0,95350?,,,,,,0,16800,20210331,(주)박영사,,,미납본,http://www.pybook.co.kr
지역사회 경찰활동과 범죄예방,,지은이: 임창호,979-11-303-1241-5,93350?,,,,,,,24000,20210330,박영사,,,미납본,http://www.pybook.co.kr
(황남기 경찰팀과 함께하는)독한패스 박준철 범죄학,,박준철,979-11-89815-16-5,13320?,,,,,,,28000,20210325,마이패스북스,,,미납본,
범죄학과 사회이론,,"엮은이: 데이비드 갈런드,리처드 스파크스 공저자: 지그문트 바우만,존 브리이스웨이트,모린 케인,메리 더글러스,폴 허스트,미할리스 리아노스,다리오 멜로시,니콜라스 로즈 옮긴이: 추지현,곽귀병,김민정,김유하,김재형,이두원,장진범,정수연",979-11-90186-11-7,93330?,,,,,,,25000,20210324,Th2(두번째테제),,,미납본,
범죄예방론,,"지은이: 임준태,강소영,김재운,박현호",978-89-7644-780-7,93350?,,,,개정판,,,29000,20210319,대영문화사,,,미납본,
변호사가 들려주는 쉽고 재미있는 범죄와 형벌이야기2,,저자 : 김재호,979-11-90835-97-8,05360?,,,,,,,"5,000",20210318,암마이,,,미납본,
성범죄대처방법론,,저자 : 김태규,979-11-372-3986-9,05300?,,,,,,,"9,800",20210318,(주식회사)부크크,,,미납본,
성범죄대처방법론,,김태규 지음,979-11-372-3958-6,03300?,,,,,,,9800,20210316,부크크,,,미납본,
(형사전문변호사가 말하는) 성범죄 성매매 성희롱,,강민구 저,979-11-303-3862-0,93360?,,,,개정판,,,35000,20210315,박영사,,,미납본,http://www.pybook.co.kr
변호사가 들려주는 쉽고 재미있는 범죄와 형벌이야기1,,저자 : 김재호,979-11-90835-95-4,15360?,,,,,,,"5,000",20210312,암마이,,,미납본,
(경찰을 위한) 범죄학,,김옥현 저,979-11-303-1174-6,93350?,,,,,,,28000,20210305,박영사,,,미납본,http://www.pybook.co.kr
고위공직자범죄수사처 법과 제도의 이해,,정웅석 저,979-11-303-3820-0,93360?,,,,,,,43000,20210305,박영사,,,미납본,http://www.pybook.co.kr
성윤리와 성범죄,,저자 : 박한호,979-11-971576-1-5,93330?,,,,,,,"18,000",20210304,(도서출판)다님길,,,미납본,
여성과 범죄,,박선영 지음,979-11-5778-480-6,03350?,,,,,,,18000,20210304,맑은샘,,,미납본,"http://www.booksam,co.kr"
범죄 소설집,,지은이: 요시다 슈이치 옮긴이: 김은모,979-11-960475-3-5,03830?,,,,,,,16000,20210301,엔케이컨텐츠,,,미납본,
성범죄자 심리치료의 이론과 실제,,송원영 저,978-89-997-2393-3,93180?,,,,,,,18000,20210301,학지사,,,미납본,http://www.hakjisa.co.kr
코로나19 대유행 이후 범죄 양상의 변화,,저자 : 박형민 장광호 임운식,979-11-91565-05-8,93330?,,,,,,,"10,000",20210228,한국형사정책연구원,,,미납본,http://www.kic.re.kr
경찰범죄학,,지은이: 박종철,979-11-303-1228-6,93350?,,,,,,,20000,20210225,박영사,,,미납본,http://www.pybook.co.kr
여성과 범죄,,"Meda Chesney-lind,Lisa Pasko 지음 한민경,김세령,최재훈,홍세은 옮김",979-11-303-1212-5,93350?,,,,,,,25000,20210225,박영사,,,미납본,http://www.pybook.co.kr
?中犯罪?比??究,,"지은이: 皇甫明?,王?",979-11-89812-08-9,93360?,,,,,,0,10000,20210224,그린인쇄출판,,,미납본,
지능범죄수사론,,저자 : 김지온,979-11-6298-043-9,13350?,,,,,,0,비매품/무료,20210223,경찰대학,,,미납본,
범죄수사입문,,지은이: 이관희,979-11-303-1198-2,93350?,,,,,,,26000,20210223,박영사,,,미납본,http://www.pybook.co.kr
(2021년판)범죄경찰 수사규칙,,저자 : 신현덕 윤흥희 감수자 : 정해룡,978-89-5755-249-0,95360?,,,,,,,180000,20210220,법률 미디어,,,미납본,http://www.lawb.co.kr
범죄경찰 수사규칙,,"편저: 신현덕,윤흥희",978-89-5755-246-9,93360?,,,,2021년판,,,180000,20210220,법률미디어,,,미납본,http://www.lawb.co.kr
형사법 및 범죄학개론,,저자 : 보험연수원,979-11-90213-52-3,14320?,979-11-90213-50-9,14320?,,2021년 개정판,보험조사분석사,2,"18,000",20210216,보험연수원,,,미납본,http://www.in.or.kr
(2021년판)사이버범죄 수사총람,,저자 : 이창복,978-89-7535-917-0,95350?,,,,,,,180000,20210210,법문북스,,,미납본,http://www.law.co.kr
범죄학요약법령집,,저자 : 김옥현,979-11-5544-166-4,13350?,,,,,,,"20,000",20210210,메티스,,,미납본,http://www.gosi094.com
장승일 범죄학,,장승일 편저,979-11-6348-272-7,13350?,,,,,,,26000,20210210,좋은책,,,미납본,
"(변호사가 알려주는) 비트코인, 그리고 범죄",,안세익 지음,979-11-372-3602-8,03360?,,,,,,0,6900,20210210,부크크,,,미납본,
(2021년판) 사이버 범죄 수사총람,,편저: 이창복,978-89-7535-914-9,93360?,,,,개정증보판,,,180000,20210210,법률미디어,,,미납본,http://www.law.co.kr
법정 및 범죄 심리학 입문,,"Curt R. Bartol,Anne M. Bartol 공저 신상화,박희정,윤상연,이장한 공역",978-89-997-2249-3,93180?,,,CIP2020049739?,,,,32000,20210210,학지사,360.18,,미납본,http://www.hakjisa.co.kr
Why? 사이버 범죄,,글쓴이: 박세준 그린이: 윤현우,978-89-302-3970-7,74080?,978-89-302-3700-0,74080?,,"2판, 증보판",Why?,,12800,20210210,예림당,,,미납본,http://www.yearim.kr
반듯한 아이의 범죄심리,,가토 타이조 지음 장원재 옮김,979-11-6649-294-5,03180?,,,,,,,14000,20210204,좋은땅,,,미납본,http://www.g-world.co.kr
문화와 범죄,,저자 : 이대희,979-11-6569-736-5,05680?,,,,,,,1000,20210122,키메이커,,,미납본,http://www.kmebooks.com
(사례중심의) 경제범죄수사 실무매뉴얼,,김성택 편저,979-11-303-1105-0,93350?,,,,,,,32000,20210120,박영사,,,미납본,http://www.pybook.co.kr
범죄 그리고 범죄인,,이만종 지음,979-11-87124-81-8,93360?,,,,,,,29000,20210120,솔과학,,,미납본,
현대사회와 범죄학,,저자 : 이동임 천정환 윤종우 박숙완 이승우,978-89-6541-513-8,93350?,,,,,,,"17,000",20210120,(도서출판)진영사,,,미납본,
LIVE 과학 58권 과학 범죄 수사,,저자 : 최재훈,979-11-259-5760-7,74400?,979-11-259-3102-7,74400?,,,LIVE 세트,,"12,000",20210115,(주)천재교육,,,미납본,http://www.chunjae.co.kr
범죄수사규칙,,"공저: 신현덕,윤흥희",978-89-7535-891-3,93360?,,,,"개정증보 10판, 2021년 개정판",,,180000,20210115,법률미디어,,,미납본,http://www.law.co.kr
범죄의 재구성,,곽명달 지음,978-89-98079-40-6,03810?,,,CIP2020055189?,,,,25000,20210115,해피북미디어,351.1704,,미납본,
여성은 어떻게 범죄의 가해자가 되는가?,,연구자: 조박선영,979-11-90390-10-1,93330?,,,,,,,비매품/무료,20210115,If Books(이프북스),,,미납본,http://www.onlineif.com
여성은 어떻게 범죄의 가해자가 되는가?,,저자 : 조박선영,979-11-90390-11-8,95330?,,,,,,,비매품/무료,20210115,이프북스,,,미납본,http://www.onlineif.com
범죄학 강의,,"김재민,이봉한 공저",979-11-303-3765-4,93350?,,,,"""[제2판]""",,,24000,20210111,박영사,,,미납본,http://www.pybook.co.kr
박상민 저스티스 범죄학 기초,,박상민 편저,979-11-971819-3-1,13360?,,,,,,,10000,20210111,Ucon(유어콘텐츠),,,미납본,
여성·청소년 범죄 수사실무총서,,박태곤 편저,978-89-7535-887-6,93350?,,,CIP2020049266?,"개정 3판, 2021년판",,,160000,20210110,법문 북스,367.43,,미납본,http://www.law.co.kr
범죄학,,지은이: 이윤호,979-11-303-1140-1,93350?,,,,증보판,,,29000,20210110,박영사,,,미납본,http://www.pybook.co.kr
올라 범죄학,,저자: 홍민지,978-89-6479-512-5,13350?,,,,,,,18000,20210104,Fides,,,미납본,
분기별 범죄동향 리포트(2020년 3분기),,저자 : 김민영,979-11-89908-67-6,93330?,,,,,,,비매품/무료,20210104,한국형사정책연구원,,,미납본,http://www.kic.re.kr
[전자책 코믹스 연재] 제자에게 협박당하는 것은 범죄인가요?,,저자 : 카와세미 마키코,979-11-6611-041-2,05830?,,,,,,,연재가,20201231,(주)소미미디어,,,미납본,
[전자책 세트] 제자에게 협박당하는 것은 범죄인가요?,,저자 : 사가라 소우,,,979-11-6507-689-4,05830?,,,,,세트가미정,20201231,(주)소미미디어,,,미납본,
[종이책] 제자에게 협박당하는 것은 범죄인가요? 3,,저자 : 사가라 소우,979-11-6507-690-0,05830?,979-11-6507-689-4,05830?,,,[전자책 세트] 제자에게 협박당하는 것은 범죄인가요?,,"5,000",20201231,(주)소미미디어,,,미납본,
국제범죄방지를 위한 UN·국제협력 및 연구(XVI) : UN 및 지역협력 네트워크 구축사업,,저자 : 윤정숙 강태경 나주원 정세윤,979-11-89908-97-3,93330?,,,,,,,"7,000",20201231,한국형사정책연구원,,,미납본,http://www.kic.re.kr
국제범죄방지를 위한 UN ·국제협력 및 연구(XVI) : 총괄보고서,,저자 : 윤정숙 강태경 조영오 이승진 나주원 정세윤 강민정 심인식 김석범,979-11-89908-96-6,93330?,,,,,,,"7,000",20201231,한국형사정책연구원,,,미납본,http://www.kic.re.kr
국제범죄방지를 위한 UN·국제협력 및 연구(XVI) : VFAC 리뉴얼 사업,,저자 : 강태경 정세윤 유효은,979-11-89908-87-4,93330?,,,,,,,"7,000",20201231,한국형사정책연구원,,,미납본,http://www.kic.re.kr
사이버 범죄 수사,,저자 : 김용호,979-11-303-6741-5,95350?,,,,,,,"9,800",20201231,(주)박영사,,,미납본,http://www.pybook.co.kr
국제범죄방지를 위한 UN·국제협력 및 연구(XVI) : 연구성과의 국제적 확산사업,,저자 : 윤정숙 조영오 이승진 강민정,979-11-91565-01-0,93330?,,,,,,,"7,000",20201231,한국형사정책연구원,,,미납본,http://www.kic.re.kr
국제범죄방지를 위한 UN·국제협력 및 연구(XVI) : 영문저널 International Journal of Criminal Justice 발간사업,,저자 : 조영오 이승진,979-11-91565-00-3,93330?,,,,,,,"7,000",20201231,한국형사정책연구원,,,미납본,http://www.kic.re.kr
전국범죄피해조사(X) : 범죄피해조사 방법론 연구,,저자 : 박성훈 김민영 조성현 박희정 조경호 김영원 박민규 박철현 이명진 임석순 엄효진 장안식 최형아,979-11-89908-82-9,93330?,,,,,,,"15,000",20201231,한국형사정책연구원,,,미납본,http://www.kic.re.kr
반인권적 국가범죄의 법적 쟁점과 입법론적 대안,,저자 : 박경규 김성규 김재윤,979-11-89908-76-8,93330?,,,,,,,"10,000",20201231,한국형사정책연구원,,,미납본,http://www.kic.re.kr
범죄통계DB 구축사업(XV),,저자 : 박형민 연성진 박희정,979-11-89908-80-5,93330?,,,,,,,"10,000",20201231,한국형사정책연구원,,,미납본,http://www.kic.re.kr
행정기관의 범죄조사권 현황분석 및 개선방안 연구,,저자 : 이천현 이권철 이정민 이주희,979-11-89908-77-5,93330?,,,,,,,"10,000",20201231,한국형사정책연구원,,,미납본,http://www.kic.re.kr
1인가구 밀집지역의 범죄예방환경설계 가이드라인,,저자 : 손동필 현태환 박유나,979-11-5659-306-5,93540?,,,,,,,비매품/무료,20201231,건축공간연구원,,,미납본,http://www.auri.re.kr
여성범죄예방 인프라 구축사업의 효과성 분석,,"연구책임: 손동필 연구진: 현태환,박유나",979-11-5659-300-3,93540?,,,,,,,10000,20201231,건축공간연구원,,,미납본,http://www.auri.re.kr
한국형 범죄예방환경설계를 위한 장소프로파일링 기법 개발 연구,,"연구책임: 박유나 연구진: 손동필,현태환 외부연구진: 강현수",979-11-5659-291-4,93540?,,,,,,,17000,20201231,건축공간연구원,,,미납본,http://www.auri.re.kr
현대 한국의 범죄와 형벌,,심희기 노성호 박혜진 김용수 이강민 윤지영 박다정 김연수 권창국 안성훈 전지연 김정환 박종승 김형국 이인영,979-11-303-3696-1,93360?,,,,제3판,,,28000,20201230,박영사,,,미납본,http://www.pybook.co.kr
범죄수사실무론,,저자 : 유재두,979-11-303-1120-3,93350?,,,,제3판,,,"35,000",20201230,(주)박영사,,,미납본,http://www.pybook.co.kr
전쟁범죄·일본군'위안부' 피해실태 자료집,,둥북아역사재단 편 편찬책임자: 김정현 번역자: 심경란,978-89-6187-607-0,93910?,,,,,,,22000,20201230,동북아역사재단,,,미납본,http://www.nahf.or.kr
경찰 성범죄 대응 가이드,,저자 : 주성훈,979-11-973096-3-2,13000?,,,,,,,비매품/무료,20201228,경찰청,,,미납본,
(2021년판)범죄수사규칙,,저자 : 신현덕 윤흥희,978-89-7535-905-7,95360?,,,,,,,180000,20201214,법문북스,,,미납본,http://www.law.co.kr
(2021년판)여성·청소년범죄 수사실무총서,,저자 : 박태곤,978-89-7535-903-3,95350?,,,,,,,160000,20201214,법문북스,,,미납본,http://www.law.co.kr
디지털 성범죄 해체하기,,저자 : 여성가족부 .한국양성평등교육진흥원 .한국사이버성폭력대응센터,979-11-290-1920-2,95330?,,,,,,,"10,000",20201211,진한엠앤비,,,미납본,http://www.jinhanbook.co.kr/
네덜란드군 정보국(NEFIS) 문서(3),,저자 : 국사편찬위원회,978-89-8236-781-6,94910?,978-89-8236-713-7,94910?,,,일본군 &#039위안부&#039.전쟁범죄 자료집,8,비매품/무료,20201210,국사편찬위원회,,,미납본,http://www.history.go.kr
네덜란드군 정보국(NEFIS) 문서(2),,저자 : 국사편찬위원회,978-89-8236-780-9,94910?,978-89-8236-713-7,94910?,,,일본군 &#039위안부&#039.전쟁범죄 자료집,7,비매품/무료,20201210,국사편찬위원회,,,미납본,http://www.history.go.kr
(여성범죄 전담 형사가 들려주는) 미친놈들에게 당하지 않고 살아남는 법,,저자 : 이회림,979-11-88700-76-9,15510?,,,,,,,"11,000",20201210,청림 Life,,,미납본,
판결문 꼼짝마 64. 당선무효형 대상범죄 범위,,저자 : 법률나무,979-11-284-1815-0,05360?,,,,,,,"9,000",20201201,서울문학,,,미납본,
범죄수사 실무론 개정판 3판,,"유재두 , 박원배 , 김도우 , 박동수",979-11-303-6713-2,95350?,,,,,,,20300,20201130,(주)박영사,,,미납본,http://www.pybook.co.kr
현대 한국의 범죄와 형벌 (형사사법 입문) 개정판 3판,,심희기 외,979-11-303-6663-0,95360?,,,,,,,19600,20201130,(주)박영사,,,미납본,http://www.pybook.co.kr
범죄학 7판,,허경미,979-11-303-6683-8,95350?,,,,,,,21000,20201130,(주)박영사,,,미납본,http://www.pybook.co.kr
연쇄범죄란 무엇인가?,,김복준 지음,979-11-90631-13-6,03330?,,,CIP2020044902?,,,,15000,20201120,우물이 있는 집 :써네스트,334.24,,미납본,http://www.sunest.co.kr
영화 속 범죄 코드를 찾아라,,저자 : 이윤호 삽화가(그림작가) : 박진숙,979-11-85330-93-8,05330?,,,CIP2020044972?,,,0,16000,20201113,(주식회사)퍼시픽 도도,334.24,,미납본,
(연쇄살인사건 프로파일러가 들려주는) 범죄 심리의 재구성,,저자 : 고준채,979-11-5633-374-6,05300?,,,CIP2020044790?,,,,"10,500",20201110,(도서출판)다른,364.45,,미납본,
태어난 게 범죄,,저자 : 트레버 노아,978-89-6051-820-9,05840?,,,CIP2020045870?,,,,"12,000",20201105,부키(주),687.099,,미납본,http://www.bookie.co.kr
분기별 범죄동향 리포트(2020년 2분기),,저자 : 김민영,979-11-89908-63-8,93330?,,,,,,,비매품/무료,20201030,한국형사정책연구원,,,미납본,http://www.kic.re.kr
사이버 범죄 수사,,지은이: 김용호,979-11-303-1107-4,93350?,,,,,,,14000,20201030,박영사,,,미납본,http://www.pybook.co.kr
태어난 게 범죄,,트레버 노아 지음 김준수 옮김,978-89-6051-814-8,03840?,,,CIP2020041550?,,,,16800,20201029,부·키,687.099,,미납본,http://www.bookie.co.kr
장애인학대 관련 범죄 처벌 이대로 괜찮은가?,,"주최: 국회의원 최혜영,국회의원 이종성,대한변호사협회,중앙장애인권익옹호기관",979-11-85498-85-0,93330?,,,,,,,비매품/무료,20201028,국회의원 최혜영 :국회의원 이종성 :대한변호사협회 :중앙장애인권익옹호기관,,,미납본,http://www.cowalk.or.kr
나는 전쟁범죄자입니다,,저자 : 김효순,979-11-90893-35-0,05900?,,,CIP2020043675?,,,,"13,650",20201023,(도서출판)서해문집,909.54,,미납본,
그녀들의 범죄,,저자 : 요코제키 다이 역자 : 임희선,978-89-464-7344-7,05830?,,,CIP2020043836?,,,,10500,20201019,(주)샘터사,833.6,,미납본,www.samtoh.com
출동! 우리 반 &#039디지털 성범죄&#039 수사대,,저자 : 박선희 김주리,979-11-7026-371-5,75810?,,,CIP2020041528?,,,,"7,000",20201015,팜파스,813.8,,미납본,http://www.pampasbook.com
출동! 우리 반 '디지털 성범죄' 수사대,,저자 : 박선희 그림 : 김주리,979-11-7026-370-8,75810?,,,CIP2020041529?,,,,7000,20201015,팜파스,813.8,,미납본,http://www.pampasbook.com
완전범죄 이십새기[연재],,저자 : 위선호,978-89-5952-961-2,05810?,,,,,,,연재가,20201005,(주)제우미디어,,,미납본,http://www.jeumedia.com
서울시 디지털성범죄 피해자지원센터 운영 방안 연구,,저자 : 강희영,979-11-91139-08-2,93330?,,,,,,,"16,000",20200930,서울시여성가족재단,,,미납본,http://www.seoulwomen.or.kr/
부산지역 디지털성범죄 인식조사 및 대응방안,,연구책임: 정다운,979-11-5575-107-7,93330?,,,,,,,비매품/무료,20200929,부산여성가족개발원,,,미납본,http://www.bwf.re.kr
범죄자 세트,,저자 : 오타 아이,,,978-89-546-7456-0,05830?,,,,,"21,500",20200928,(주)문학동네,,,미납본,www.munhak.com
범죄와 형벌 강의,,정상우 저,979-11-85073-21-7,93360?,,,CIP2020041108?,,,,20000,20200928,Design장이(디자인장이),364,,미납본,
나는 전쟁범죄자입니다(큰글자도서),,저자 : 김효순,979-11-90893-17-6,03900?,,,,,,,40000,20200915,(도서출판)서해문집,,,미납본,
"덜미, 완전범죄는 없다",3?,"한국일보 경찰팀 지음 글쓴이: 김창훈,김정원,홍인택,김동욱,안하늘,정준기,신지후,박진만,김현종,이현주,김정현,이승엽,최동순,박지윤,김영훈",979-11-87572-26-8,04300?,979-11-87572-14-5,04300?,CIP2020037089?,,"덜미, 완전범죄는 없다",3,16500,20200914,북콤마,351.176,,미납본,
(2020)성범죄백서,,법무부 범죄예방정책국 문희갑 손세헌 민덕희 김근한 김상술 김용우 이선구 이민우 홍수민 임수정,979-11-290-1672-0,93330?,,,,,,,23000,20200911,진한엠앤비,,,미납본,http://www.jinhanbook.co.kr/
"(2020년판)여성,청소년 범죄 수사 실무 총서",,저자 : 박태곤,978-89-7535-865-4,95350?,,,CIP2020036384?,,,,160000,20200910,법문북스,367.43,,미납본,http://www.law.co.kr
범죄자 - 상,1?,오타 아이,978-89-546-7457-7,05830?,,,,,,,11100,20200907,(주)문학동네,,,미납본,www.munhak.com
범죄자 - 하,2?,오타 아이,978-89-546-7458-4,05830?,,,,,,,10400,20200907,(주)문학동네,,,미납본,www.munhak.com
학대·폭력범죄,,최상헌 저,978-89-953345-7-7,03330?,,,,,,,40000,20200831,대한무림합기도협회 출판부,,,미납본,016-224-8600/02-3291-8600
교정시설내 성범죄자 심리치료 프로그램 효과성 평가 연구,,저자 : 윤정숙 김민영 이태헌,979-11-89908-64-5,93330?,,,,,,,"7,000",20200831,한국형사정책연구원,,,미납본,http://www.kic.re.kr
한국의 범죄현상과 형사정책(2019),,저자 : 한국형사정책연구원,979-11-89908-66-9,93330?,,,,,,,"15,000",20200831,한국형사정책연구원,,,미납본,http://www.kic.re.kr
문화학,2?,이대희,979-11-967428-1-2,93600?,,,CIP2020034980?,,,,70000,20200830,ACRIS(한국범죄연구원),331.5,,미납본,http://www.nulbo.net
문화학,1?,이대희,979-11-967428-0-5,93600?,,,CIP2020034981?,,,,75000,20200830,ACRIS(한국범죄연구원),331.5,,미납본,http://www.nulbo.net
그녀들의 범죄,,요코제키 다이 지음 임희선 옮김,978-89-464-2168-4,03830?,,,CIP2020033122?,,,,15000,20200828,샘터(샘터사),833.6,,미납본,www.samtoh.com
(2020) 범죄피해자 보호론,,김예람 편저,979-11-6298-075-0,93350?,,,,제9판,,,비매품/무료,20200828,경찰대학,,,미납본,
범죄학,,"김형중,이도선,정의롬,조상현 지음",978-89-5727-324-1,93350?,,,CIP2020035196?,개정판,,,25000,20200827,그린,364.4,,미납본,http://www.greenpress.co.kr
(연쇄살인사건 프로파일러가 들려주는) 범죄 심리의 재구성,,글: 고준채,979-11-5633-296-1,03300?,,,CIP2020033338?,,,,15000,20200821,다른,364.45,,미납본,
일본전쟁범죄사,,저자 : 동양서원,979-11-6339-602-4,05300?,,,,,,,"6,000",20200820,온이퍼브,,,미납본,
범죄예방환경설계,,지은이: 주미옥,978-89-93632-79-8,03530?,,,CIP2020033632?,,,,20000,20200818,나무와숲,539.73,,미납본,
범죄학,,허경미 저,979-11-303-1050-3,93350?,,,,제7판,,,30000,20200815,박영사,,,미납본,http://www.pybook.co.kr
고전 추리·범죄소설 100선,,저자 : 마틴 에드워즈 역자 : 송소희,979-11-90257-70-1,05800?,,,,,,,11200,20200814,시그마북스,,,미납본,http://www.sigmabooks.co.kr
고전 추리·범죄소설 100선,,마틴 에드워즈 지음 성소희 옮김,979-11-90257-66-4,03800?,,,CIP2020029847?,,,,16000,20200814,시그마북스,843.6,,미납본,http://www.sigmabooks.co.kr
범죄 가해?피해 장애인을 위한 ‘개별 맞춤형 재범방지 지원(PPRS)’ 매뉴얼 개발연구,,저자 : 황순영 차세진,978-89-89094-81-4,93370?,,,,,,,비매품/무료,20200811,서림출판사,,,미납본,
괴이한 미스터리_범죄 편,,저자 : 엄길윤 황세연 전건우 조동신 한이,979-11-91029-01-7,05810?,979-11-970387-8-5,05810?,CIP2020032511?,,괴이한 미스터리,2,"8,400",20200808,나비클럽,813.7,,미납본,
디지털 성범죄,,원작자 : 임병국,979-11-970834-0-2,05330?,,,CIP2020031267?,,,,"16,000",20200731,민서출판사,334.2232,,미납본,
[전자책 코믹스] 제자에게 협박당하는 것은 범죄인가요? 1,,삽화가(그림작가) : 카와세미 마키코 원작자 : 사가라 소우,979-11-6507-944-4,05830?,979-11-6507-943-7,05830?,,,[전자책 코믹스 세트] 제자에게 협박당하는 것은 범죄인가요?,,"3,500",20200731,(주)소미미디어,,,미납본,
[전자책 코믹스 세트] 제자에게 협박당하는 것은 범죄인가요?,,저자 : 카와세미 마키코,,,979-11-6507-943-7,05830?,,,,,세트가미정,20200731,(주)소미미디어,,,미납본,
영화ㆍ심리ㆍ법 (영화로 보는 범죄와 심리),,"김화정 , 정진항",979-11-303-6584-8,95350?,,,,,,,11900,20200731,(주)박영사,,,미납본,http://www.pybook.co.kr
한국 범죄심리학,,"지은이: 황성현,이창한,이강훈,이완희,이승현",979-11-5730-751-7,93350?,,,,제2판,,,35000,20200730,PNC(피앤씨미디어),,,미납본,www.pncmedia.co.kr
출동! 우리 반 '디지털 성범죄' 수사대,,박선희 지음 김주리 그림,979-11-7026-347-0,73810?,,,CIP2020026398?,,,,10000,20200720,팜파스,598.5,,미납본,http://www.pampasbook.com
특정범죄 가중처벌 등에 관한 법률 (약칭: 특정범죄가중법),,역자 : 박진실,979-11-6522-691-6,05360?,,,,,,,"4,000",20200720,(주)유페이퍼,,,미납본,http://www.upaper.net
영화 속 범죄 코드를 찾아라,,이윤호 글 박진숙 그림,979-11-85330-91-4,03330?,,,CIP2020025748?,,,,20000,20200713,도도 :퍼시픽 도도,334.24,,미납본,
"(민간조사원(탐정), 민간·공공분야 감사팀, 특사경, 보험범죄특수수사팀(SIU) 등을 위한) 수사면담과 용의자신문 기법 현장가이드",,지은이: 박재일,979-11-303-1047-3,93350?,,,,,,,15000,20200710,박영사,,,미납본,http://www.pybook.co.kr
분기별 범죄동향 리포트(2020년 1분기),,저자 : 한국형사정책연구원,979-11-89908-60-7,93330?,,,,,,,비매품/무료,20200701,한국형사정책연구원,,,미납본,http://www.kic.re.kr
과학수사와 범죄,,저자 : 과학나눔연구회,978-89-429-1625-2,03400?,,,,,,,35000,20200630,일진사,,,미납본,http://www.iljinsa.com
[종이책 코믹스] 제자에게 협박당하는 것은 범죄인가요?,,저자 : 카와세미 마키코,,,979-11-6507-712-9,07830?,,,,,세트가미정,20200630,(주)소미미디어,,,미납본,
2020 EBS 경비지도사 범죄학 [일반경비],,저자 : EBS 경비지도사 교수진,979-11-254-7424-1,15350?,,,,,,,18900,20200630,(주)시대고시기획시대교육,,,미납본,http://www.sidaegosi.com
제자에게 협박당하는 것은 범죄인가요?,1?,만화: 카와세미 마키코 원작: 사가라 소우 캐릭터 원안: 모모코 옮긴이: 김민재,979-11-6507-713-6,07830?,979-11-6507-712-9,07830?,,,[종이책 코믹스] 제자에게 협박당하는 것은 범죄인가요?,,5500,20200611,소미미디어,,,미납본,
디지털 성범죄 근절을 위한 ICT 활용 전략,,저자 : 이영주 박혜빈,978-89-8483-464-4,15000?,,,,,,,비매품/무료,20200531,한국정보화진흥원,,,미납본,http://www.nia.or.kr
기업범죄예방과 준법지원인제도,,지은이: 김재윤,979-11-303-3631-2,93360?,,,,,,,29000,20200525,박영사,,,미납본,http://www.pybook.co.kr
범죄수사론,,"박영수,박형식,조형근,한상철",979-11-5829-083-2,95350?,,,,,,,28000,20200525,(도서출판)오래,,,미납본,www.orebook.com
경계침범죄 판례,,저자 : 김재호,979-11-90835-13-8,15360?,,,CIP2020019478?,,,,"7,000",20200519,암마이,364.265,,미납본,
선박안전범죄론,,저자 : 손영태,979-11-90815-40-6,95360?,,,,,,,30000,20200515,지식인,,,미납본,
범죄의 붉은 실,,미스터 펫,978-89-546-7146-0,05820?,,,,,,,10500,20200508,(주)문학동네,,,미납본,www.munhak.com
국내 체류 이주여성의 범죄피해 분석을 통한 대응방안 연구,,연구관: 조금희,979-11-6298-073-6,93350?,,,,,,,비매품/무료,20200501,치안정책연구소,,,미납본,
부패범죄 억제 및 범죄수익·피해금 환수 정책 연구,,연구관: 강성용,979-11-6298-061-3,93350?,,,,,,,비매품/무료,20200501,치안정책연구소,,,미납본,
범죄예방을 위한 셉테드 전략별 효과요인에 관한 연구,2?,책임연구원: 강용길 공동연구원: 염윤호,979-11-6298-060-6,93350?,,,,,,,비매품/무료,20200501,치안정책연구소,,,미납본,
분기별 범죄동향 리포트(2019년 4분기),,저자 : 한국형사정책연구원,979-11-89908-59-1,93330?,,,,,,,비매품/무료,20200430,한국형사정책연구원,,,미납본,http://www.kic.re.kr
환경설계와 범죄예방,,최선우,979-11-303-6474-2,95350?,,,,,,,22400,20200430,(주)박영사,,,미납본,http://www.pybook.co.kr
(드론의 범죄화 시대에 따른) 드론과 안티드론,,"오세진,서일수,김태훈,정진만 공저",979-11-6257-112-5,93530?,,,,,,,15000,20200429,구미서관,,,미납본,
실전사례: 성범죄 사건에서 검찰 기소유예를 이끌어 낸 변호인 의견서,,저자 : 김재호,979-11-90636-89-6,15360?,,,CIP2020016204?,,,,"10,000",20200427,암마이,364.244,,미납본,
(올라) 범죄수사학,,"편저인: 박노섭,이동희,이윤,장윤식",978-89-5819-224-4,13350?,,,CIP2020015717?,,,,21000,20200423,경찰공제회,367.43077,,미납본,http://www.pmaa.or.kr
남자 성범죄 보안과,,저자 : Emiri Ito,979-11-359-1092-0,05650?,,,,,,,"3,500",20200417,(주식회사)넥스큐브,,,미납본,
남자 성범죄 보안과[웹툰](연재),,저자 : Emiri Ito,979-11-359-0877-4,05650?,,,,,,,연재가,20200417,(주식회사)넥스큐브,,,미납본,
공간닥터 프로젝트,vol.1?,"지은이: 권영상,김동현,김아연,김영욱,김정곤,김진욱,김충호,김현,민병욱,박윤미,박진아,백진,서예례,송하엽,원정연,이경훈,이명식,이상윤,이영범,유상오,유석연,오상헌,정욱주,주범,죄혜영,홍경구",978-89-5625-392-3,94300?,978-89-5625-391-6,94300?,CIP2020007395?,,공간닥터 프로젝트,1,20000,20200416,학고재,335.8,,미납본,
여성·청소년범죄 수사실무총서,,박태곤 편저,978-89-7535-838-8,93350?,,,CIP2020016868?,"2판, 2020년판",,,160000,20200415,법문북스,367.43,,미납본,http://www.law.co.kr
범죄의 붉은 실,,지은이: 미스터 펫 옮긴이: 이경민,978-89-546-7105-7,03820?,,,CIP2020010103?,,,,15000,20200410,엘릭시르 :문학동네,823.7,,미납본,www.munhak.com
범죄자의 뇌,,"Nicole Rafter,Chad Posick,Michael Rocque 송봉규,유동겸 옮김",979-11-303-0945-3,03350?,,,,,,,24000,20200410,박영사,,,미납본,http://www.pybook.co.kr
이수정 이다혜의 범죄 영화 프로파일,,"이수정,이다혜,최세희,조영주 지음",978-89-374-9130-6,03330?,,,,,,,18000,20200331,민음사,,,미납본,http://www.minumsa.com
(국가드론자격증 및 공무원 준비를 위한) 드론범죄수사론,,"지은이: 이건수,박준모",979-11-89675-58-5,93350?,,,,,,,20000,20200331,정독,,,미납본,http://www.mindtap.co.kr
CCTV에 나타난 범죄 상황 인지 기술 개발,,"연구책임: 문성철 연구진: 김준철,이지애",979-11-90734-31-8,93530?,,,,,,,비매품/무료,20200331,서울기술연구원,,,미납본,
공무원 및 경비지도사 준비를 위한 범죄학개론,,저자 : 이건수,979-11-89675-60-8,95350?,,,,,,,23000,20200327,(도서출판)정독,,,미납본,http://www.mindtap.co.kr
친밀한 성범죄자,,저자 : 안병헌,979-11-88977-45-1,05330?,,,CIP2020010739?,,,,"12,000",20200320,슬로디미디어그룹,364.244,,미납본,
생활 속 범죄와 법률,,이존걸 지음,978-89-456-1678-4,93360?,,,,,,,21000,20200320,大旺社,,,미납본,
(공무원 및 경비지도사 준비를 위한) 범죄학개론,,이건수 저,979-11-89675-57-8,93350?,,,,,,,23000,20200320,정독,,,미납본,http://www.mindtap.co.kr
친밀한 성범죄자,,안병헌 지음,979-11-88977-44-4,03330?,,,CIP2020009370?,,,,14800,20200320,슬로디미디어,364.244,,미납본,
남자 성범죄 보안과(연재),,저자 : Emiri Ito,979-11-359-0925-2,05650?,,,,,,,연재가,20200319,(주식회사)넥스큐브,,,미납본,
[전자책] 제자에게 협박당하는 것은 범죄인가요? 2,,저자 : 사가라 소우,979-11-6507-617-7,05830?,,,,,,,"5,000",20200318,(주)소미미디어,,,미납본,
"(채다은 변호사가 설명하는) 복잡한 법 말고, 진짜 성범죄 사건",,지은이: 채다은,979-11-969504-9-1,03360?,,,,,,,15000,20200313,필통북스,,,미납본,http://www.feeltongbooks.com/
범죄학,,"Larry J. Siegel 지음 옮긴이: 이민식,김상원,박미랑,박정선,신동준,윤옥경,이창배,황성현",978-89-6218-468-6,93360?,,,,제13판,,,33000,20200309,Cengage(센게이지러닝코리아),,,미납본,
Hi-Pass 범죄학,,"김대권, 정병수, 정의롬, 조상현, 박찬혁 외",979-11-90323-92-5,15350?,,,,,,,18000,20200309,(주식회사)백산출판사,,,미납본,http://www.ibaeksan.kr
노동범죄론,,저자 : 유각근,979-11-89979-17-1,93360?,,,,,,,"28,000",20200307,(도서출판)동방문화사,,,미납본,
2020년 강력범죄수사론,,저자 : 김지온 이승태,979-11-6298-052-1,93350?,,,,2,,,비매품/무료,20200306,경찰대학,,,미납본,
(세계 최고의 범죄소설 작가가 들려주는) 긴장감 넘치는 글쓰기를 위한 아이디어,,퍼트리샤 하이스미스 지음 송기철 옮김,978-89-98791-96-4,03840?,,,CIP2020004329?,,,,13800,20200302,북스피어,802.3,,미납본,
(2021) 강력범죄수사론,,"김지온,이승태 저",979-11-6298-090-3,93350?,,,,개정3판,,,비매품/무료,20200302,경찰대학,,,미납본,
디지털성범죄 피해 실태 및 시민인식 조사,,책임연구원: 강희영 공동연구원: 김여진,979-11-6161-916-3,93330?,,,,,,,비매품/무료,20200228,서울특별시 여성정책담당관,,,미납본,
범죄학,,"김형중,이도선,정의롬,조상현 지음",978-89-5727-303-6,93350?,,,,,,,25000,20200227,그린,,,미납본,http://www.greenpress.co.kr
산업보안 범죄심리,,저자 : 주윤창 장건태,979-11-85073-17-0,93330?,,,CIP2020007903?,,,,"20,000",20200225,디자인장이,364.45,,미납본,
시네마 던전: 김봉석 영화리뷰 범죄·액션 편,,저자 : 김봉석,979-11-89836-15-3,05680?,979-11-89836-13-9,05680?,CIP2020003518?,,에이플랫 시리즈 - 시네마 던전 세트,1,12000,20200207,에이플랫,688.09,,미납본,
대경대학교 현장중심 교수학습 지침서 과학기술과 범죄수사,,저자 : 장철영 이행준,979-11-968306-6-3,94060?,979-11-968306-3-2,94060?,,,대경대학교 현장중심 교수학습 지침서,,비매품/무료,20200201,(주)청춘 코퍼레이션,,,미납본,http://www.designcc.net
환경설계와 범죄예방,,지은이: 최선우,979-11-303-0793-0,93350?,,,,,,,32000,20200125,박영사,,,미납본,http://www.pybook.co.kr
나는 전쟁범죄자입니다,,김효순 지음,978-89-7483-005-2,03900?,,,CIP2019053444?,,,,19500,20200120,서해문집,818,,미납본,
제자에게 협박당하는 것은 범죄인가요?,제3교시?,사가라 소우 지음 모모코 일러스트 김민재 옮김,979-11-6507-195-0,04830?,979-11-6389-578-7,04830?,,,,,7500,20200114,소미미디어,,,미납본,
가장 기소하기 어려운 범죄,,저자 : economist 역자 : 전리오,979-11-969371-2-6,05300?,,,,,,,"3,600",20200108,(주)스리체어스(threechairs),,,미납본,https://www.bookjournalism.com
제자에게 협박당하는 것은 범죄인가요?,,저자 : 사가라 소우,,,979-11-6389-578-7,04830?,,,,,세트가미정,20191231,(주)소미미디어,,,미납본,
범죄예방정책학,,"저자: 이백철,조윤오,함혜현,한영선,박은영,권해수,이창한,박미랑,김지선,조성남,김안식,박준휘",979-11-303-0899-9,93350?,,,,,,,32000,20191231,박영사,,,미납본,http://www.pybook.co.kr
범죄이론과 테러리즘,,저자 : 한종욱,979-11-303-6414-8,95350?,,,,,,,11900,20191231,(주)박영사,,,미납본,http://www.pybook.co.kr
범죄예방 환경조성사업의 효과성 분석 연구,,"연구책임: 조영진 연구진: 한수경,현태환,박유나",979-11-5659-263-1,93540?,,,,,,,15000,20191231,건축도시공간연구소,,,미납본,http://www.auri.re.kr
범죄예방 환경조성 시설·기법의 효과성 분석 연구,,"연구책임: 조영진 연구진: 한수경,박유나 외부연구진: 김승남",979-11-5659-241-9,93540?,,,,,,,17000,20191231,건축도시공간연구소,,,미납본,http://www.auri.re.kr
고령범죄자의 범죄경력 연구,,저자 : 박형민 김연수,979-11-89908-57-7,93330?,,,,,,,"10,000",20191231,한국형사정책연구원,,,미납본,http://www.kic.re.kr
분기별 범죄동향 리포트(2019년 3분기),,저자 : 한국형사정책연구원,979-11-89908-29-4,93330?,,,,,,,비매품/무료,20191227,한국형사정책연구원,,,미납본,http://www.kic.re.kr
주거지역 유형별 생활범죄예방 설계기법(CPTED) 적용방안,,연구책임: 전상범,979-11-967562-8-4,13060?,,,,,,,비매품/무료,20191220,광진구청 정책기획단,,,미납본,http://www.gwangjin.go.kr
네덜란드군 정보국(NEFIS) 문서,,국사편찬위원회 [편],978-89-8236-749-6,94910?,978-89-8236-713-7,94910?,,,일본군 &#039위안부&#039.전쟁범죄 자료집,6,비매품/무료,20191210,국사편찬위원회,,,미납본,http://www.history.go.kr
"마인(魔人), 범죄편 : 중권 [큰글씨 특별판]",,저자 : 김내성,979-11-272-9065-8,03810?,,,,,,,"13,800",20191203,(주식회사)부크크,,,미납본,
범죄학과 형사사법 체계론,,김창윤,979-11-303-6420-9,95350?,,,,,,,22400,20191202,(주)박영사,,,미납본,http://www.pybook.co.kr
성폭력 범죄 법률가이드,,김형규,979-11-303-6409-4,95360?,,,,,,,12600,20191202,(주)박영사,,,미납본,http://www.pybook.co.kr
범죄학 3판,,이윤호,979-11-303-6303-5,95350?,,,,,,,20300,20191202,(주)박영사,,,미납본,http://www.pybook.co.kr
범죄수사법 실무 (경찰관을 위한 형사 CASE 연습),,강동필,979-11-303-6323-3,95360?,,,,,,,19600,20191202,(주)박영사,,,미납본,http://www.pybook.co.kr
인천광역시 디지털 성범죄 인식 및 실태 조사 연구,,연구책임: 김미선 공동연구: 신현주,979-11-85595-84-9,93330?,,,,,,,비매품/무료,20191201,인천여성가족재단,,,미납본,
고위공직자범죄수사처에 관한 연구,,"연구책임자: 박준휘 공동연구진: 김영중,한상훈,정한중,최유진,문준영",979-11-89908-51-5,93360?,,,,,,,10000,20191201,한국형사정책연구원,,,미납본,http://www.kic.re.kr
국제범죄방지를 위한 UN·국제협력 및 연구,,"연구책임자: 윤정숙 공동연구자: 승재현,이승진,나주원,정세윤,강민정",979-11-89908-39-3,93330?,,,,,,,10000,20191201,한국형사정책연구원,,,미납본,http://www.kic.re.kr
범죄피해자의 트라우마에 대한 형사정책적 체계정립 방안,,연구책임자: 김대근 공동연구자: 홍가혜,979-11-89908-35-5,93360?,,,,,,,10000,20191201,한국형사정책연구원,,,미납본,http://www.kic.re.kr
살인범죄의 실태와 유형별 특성,,"책임연구자: 홍영오 공동연구자: 김빛나,손지선",979-11-89908-31-7,93330?,,,,,,,15000,20191201,한국형사정책연구원,,,미납본,http://www.kic.re.kr
아동·청소년 성범죄에서 그루밍(grooming)의 특성 및 대응방안 연구,,"연구책임자: 윤정숙 공동연구자: 이태헌,김현숙",979-11-89908-50-8,93330?,,,,,,,7000,20191201,한국형사정책연구원,,,미납본,http://www.kic.re.kr
범죄통계 DB 구축사업(XIV),,"연구책임자: 박형민 공동연구자: 신의기,박희정",979-11-89908-36-2,93330?,,,,,,,7000,20191201,한국형사정책연구원,,,미납본,http://www.kic.re.kr
권력형 직무범죄의 예방 및 실효적 제재를 위한 재구성 방안 연구,,"연구책임자: 박학모 공동연구진: 김정환,이승준,신가람",979-11-89908-55-3,93360?,,,,,,,7000,20191201,한국형사정책연구원,,,미납본,http://www.kic.re.kr
전국범죄피해조사 2018,,"연구책임자: 김민영 공동연구자: 한민경,박희정",979-11-89908-37-9,93330?,,,,,,,15000,20191201,한국형사정책연구원,,,미납본,http://www.kic.re.kr
디지털성범죄 피해자 지원 상담매뉴얼,,저자 : 서울특별시 여성가족정책실 여성권익담당관 (사)한국상담서비스네트워크,979-11-6161-844-9,13330?,,,,,,,비매품/무료,20191201,서울특별시,,,미납본,
층간소음과 범죄에 관한 형사판례,,저자 : 김재호,979-11-272-8978-2,05360?,,,,,,,"5,000",20191126,(주식회사)부크크,,,미납본,
분노조절장애로 인한 범죄,,저자 : 김재호,979-11-272-8947-8,05360?,,,,,,,"4,500",20191122,(주식회사)부크크,,,미납본,
인천광역시 범죄예방 환경개선 사업 분석 및 발전방안 연구,,"연구책임: 김미선 공동연구: 허선영,이소민",979-11-85595-71-9,93330?,,,,,,,비매품/무료,20191001,인천여성가족재단,,,미납본,
범죄예방 환경디자인사업의 효율적 추진 방안,,"연구책임: 이형복 비상임연구원: 임창호,강용길",979-11-6075-118-5,93330?,,,,,,,비매품/무료,20191001,대전세종연구원,,,미납본,http://www.dsi.re.kr
(인권증진을 위한) 장애인학대 및 장애인 대상 성범죄 실무협력 매뉴얼,,"집필인: 송정문,이상충,정유리",978-89-6114-714-9,93350?,,,,,,,비매품/무료,20191001,국가인권위원회 부산인권사무소,,,미납본,http://www.humanrights.go.kr
"세상에 대하여 우리가 더 잘 알아야 할 교양 35 폭력범죄, 어떻게 봐야 할까?",,저자 : 앨리슨 라쉬르 역자 : 이현정 감수자 : 이상현,979-11-5723-511-7,45300?,,,,,,,"9,600",20190930,(주)내인생의책,,,미납본,http://bookinmylife.com
분기별 범죄동향 리포트(2019년 2분기),,저자 : 한국형사정책연구원,979-11-89908-24-9,93330?,,,,,,,비매품/무료,20190927,한국형사정책연구원,,,미납본,http://www.kic.re.kr
"범죄심리학.The Book of Criminal Psychology, by Hans Gross",,저자 : Hans Gross,979-11-90248-77-8,95360?,,,CIP2019038264?,,,,"20,000",20190925,뉴가출판사,364.45,364.3,미납본,
범죄학과 형사사법체계론,,저자: 김창윤,979-11-303-0832-6,93350?,,,,,,,32000,20190925,박영사,,,미납본,http://www.pybook.co.kr
디지털 성범죄 해체하기,,여성가족부 .한국양성평등교육진흥원 .한국사이버성폭력대응센터,979-11-290-1388-0,93330?,,,,,,,10000,20190924,진한엠앤비,,,미납본,http://www.jinhanbook.co.kr/
민관 빅데이터 융합을 통한 선제적 범죄예방 지원 서비스 개발,,저자 : 안산시,979-11-290-1307-1,95330?,,,,,,,"10,000",20190920,진한엠앤비,,,미납본,http://www.jinhanbook.co.kr/
범죄로부터 안전한 우리집 만들기-다가구·다세대·연립주택 범죄예방환경설계 가이드라인,,저자 : 조영진 한수경 현태환 박유나 유혜정,979-11-5659-231-0,93350?,,,,,,,비매품/무료,20190916,건축도시공간연구소,,,미납본,http://www.auri.re.kr
범죄이론과 테러리즘,,한종욱 지음,979-11-303-0847-0,93350?,,,,,,,17000,20190914,박영사,,,미납본,http://www.pybook.co.kr
성폭력 범죄 법률 가이드,,저자: 김형규,979-11-303-3473-8,93360?,,,,,,,18000,20190903,박영사,,,미납본,http://www.pybook.co.kr
제자에게 협박당하는 것은 범죄인가요?,제2교시?,사가라 소우 지음 모모코 일러스트 김민재 옮김,979-11-6389-801-6,04830?,979-11-6389-578-7,04830?,,,,,7500,20190901,소미미디어,,,미납본,
범죄과학,,전대양 저,979-11-5556-139-3,93330?,,,CIP2019033056?,,,,28000,20190901,다해,364.4,,미납본,
[전자책] 제자에게 협박당하는 것은 범죄인가요? 1,,저자 : 사가라 소우,979-11-6389-935-8,05830?,,,,,,,"4,000",20190831,(주)소미미디어,,,미납본,
비즈니스범죄와 기업법,,한석훈 지음,979-11-5550-339-3,93360?,,,,제2판,,,38000,20190830,성균관대학교 출판부,,,미납본,http://press.skku.edu
(이론과 정책사례중심의) 범죄심리분석론,,한동효 지음,979-11-251-0298-4,93180?,,,,,,,35000,20190830,Kyowoo(교우),,,미납본,http://www.kyowoo.co.kr
(Hi-pass) 범죄학,,"김대권,정병수,정의롬,조상현,박찬혁,이상훈,정보성 공저",979-11-89740-57-3,13350?,,,,,,,18000,20190820,백산출판사,,,미납본,http://www.ibaeksan.kr
범죄와 징벌의 균형 2권,,저자 : LovelyKGB,979-11-6494-079-0,05810?,979-11-6494-077-6,05810?,CIP2019030736?,,범죄와 징벌의 균형,2,"2,600",20190809,(주)스토리야,813.7,,미납본,http://www.storyya.com
범죄와 징벌의 균형 3권,,저자 : LovelyKGB,979-11-6494-080-6,05810?,979-11-6494-077-6,05810?,CIP2019030743?,,범죄와 징벌의 균형,3,"2,600",20190809,(주)스토리야,813.7,,미납본,http://www.storyya.com
범죄와 징벌의 균형,,저자 : LovelyKGB,,,979-11-6494-077-6,05810?,,,,,세트가미정,20190809,(주)스토리야,,,미납본,http://www.storyya.com
범죄와 징벌의 균형 1권,,저자 : LovelyKGB,979-11-6494-078-3,05810?,979-11-6494-077-6,05810?,CIP2019030735?,,범죄와 징벌의 균형,1,"2,600",20190809,(주)스토리야,813.7,,미납본,http://www.storyya.com
범죄와 징벌의 균형 (연재),,저자 : LovelyKGB,979-11-6494-075-2,05810?,,,,,,,연재가,20190807,(주)스토리야,,,미납본,http://www.storyya.com
임준태 교수의 법과학과 범죄수사,,저자 : 임준태,978-89-8468-796-7,95350?,,,,,,,"35,000",20190805,(도서출판)21세기사,,,미납본,www.21cbook.co.kr
현대 한국의 범죄와 형벌,,저자 : 심희기 노성호 박혜진 김용수 이강민 윤지영 박다정 김연수 권창국 안성훈 전지연 김정환 박종승 김형국 이인영,979-11-303-6221-2,95360?,,,,제2판,,,18900,20190731,(주)박영사,,,미납본,http://www.pybook.co.kr
현대한국의범죄와형벌,,저자 : 심희기 노성호 박혜진 김용수 이강민 윤지영 박다정 김연수 권창국 안성훈 전지연 김정환 박종승 김형국 이인영,979-11-303-6159-8,95360?,,,,제2판,,,"18,900",20190730,(주)박영사,,,미납본,http://www.pybook.co.kr
(2019년)여성 청소년 범죄 수사실무총서,,저자 : 박태곤,978-89-7535-759-6,95360?,,,,2,,,"160,000",20190725,법문북스,,,미납본,http://www.law.co.kr
신비한 동물들과 그린델왈드의 범죄,,지은이: J.K. 롤링 옮긴이: 박아람,978-89-8392-739-2,03840?,,,CIP2019006632?,,,,15000,20190724,문학수첩,842,,미납본,
"너무 어린 남친, 혹시 범죄일까?",,저자 : Yue Satomi,,,979-11-6500-160-5,05650?,,,,,세트가미정,20190717,(주식회사)넥스큐브,,,미납본,
범죄예방 건축기준 개선방안 연구,,"연구책임: 조영진 연구진: 현태환,박유나 외부연구진: 김종천",979-11-5659-227-3,93540?,,,,,,,11000,20190717,건축도시공간연구소,,,미납본,http://www.auri.re.kr
분기별 범죄동향 리포트(2019년 1분기),,저자 : 한국형사정책연구원,979-11-89908-18-8,93330?,,,,,,,비매품/무료,20190715,한국형사정책연구원,,,미납본,http://www.kic.re.kr
대한민국 환경범죄단속법(환경범죄 등의 단속 및 가중처벌에 관한 법률) : 교양 법령집 시리즈,,저자 : 조세형,979-11-272-7742-0,03360?,,,,,,,"10,000",20190709,(주식회사)부크크,,,미납본,
형사법 및 범죄학개론,,저자 : 보험연수원,979-11-90213-07-3,14320?,979-11-90213-05-9,14320?,,2019년 개정판,보험조사분석사,,"18,000",20190705,보험연수원,,,미납본,http://www.in.or.kr
대한민국 범죄인 인도법 : 교양 법령집 시리즈,,역자 : 조세형,979-11-272-7708-6,03360?,,,,,,,"10,000",20190703,(주식회사)부크크,,,미납본,
조선 특유의 범죄-남편 살해법의 부인과학적 고찰,,저자 : 구도다케기 최재목 김정곤,978-89-7581-670-3,95330?,,,CIP2019015696?,,,,"20,000",20190630,영남대학교출판부,334.24,,미납본,http://book.yu.ac.kr/
범죄피해의 이해와 개입 (현장에서의 위기개입워크북),,"육성필 , 박지란",979-11-90151-63-4,95370?,,,,,,,7000,20190630,(주식회사)피와이메이트(PYMATE),,,미납본,
범죄피해의 이해와 개입 (현장에서의 위기개입매뉴얼),,"육성필 , 박지란",979-11-90151-71-9,95370?,,,,,,,3850,20190630,(주식회사)피와이메이트(PYMATE),,,미납본,
사이버범죄론,,이원상,979-11-303-6242-7,95330?,,,,,,,10500,20190630,(주)박영사,,,미납본,http://www.pybook.co.kr
범죄학 이론,,김재민,979-11-303-6187-1,95350?,,,,,,,14000,20190630,(주)박영사,,,미납본,http://www.pybook.co.kr
국제범죄론,,신상철,979-11-303-6220-5,95350?,,,,,,,18200,20190630,(주)박영사,,,미납본,http://www.pybook.co.kr
성경과 인생 8 정죄의 범죄,,저자 : 바이블 스터디,979-11-6453-178-3,05810?,,,CIP2019025325?,,,,"9,000",20190628,미디어북,230.4,,미납본,
(주민과 함께 하는) 범죄예방디자인 워크숍,,"저자: 이경훈,강석진",978-89-6225-820-2,93300?,,,,,,,28000,20190625,기문당,,,미납본,http://www.kimoondang.com
범죄학겸 형사정책,,옥필훈 저,978-89-6541-436-0,93350?,,,,개정판,,,25000,20190617,진영사,,,미납본,
범죄수사법 실무,,강동필 저,979-11-303-3403-5,93360?,,,,,,,28000,20190617,박영사,,,미납본,http://www.pybook.co.kr
제자에게 협박당하는 것은 범죄인가요?,제1교시?,사가라 소우 지음 모모코 일러스트 김민재 옮김,979-11-6389-579-4,04830?,979-11-6389-578-7,04830?,,,,,7500,20190615,Snovel :소미미디어,,,미납본,
한국의 범죄현상과 형사정책(2018),,"연구책임자: 박형민 공동연구자: 권수진,김재현,김정연,김지선,박성훈,박준희,서주연,승재현,유진,윤지영,윤해성,이승현,이천현,임정호,전영실,최영신,한민경,홍영오,황지태",979-11-89908-28-7,93330?,,,,,,,15000,20190601,KIC(한국형사정책연구원),,,미납본,http://www.kic.re.kr
사이버범죄 수사총람,,이창복,978-89-5755-240-7,95360?,,,CIP2019021672?,,,,160000,20190531,법률 미디어,364.291,,미납본,http://www.lawb.co.kr
사이버범죄 수사총람,,편저: 이창복,978-89-5755-239-1,93360?,,,CIP2019020331?,,,,160000,20190530,법률미디어,364.291,,미납본,http://www.lawb.co.kr
범죄예방론,,조상현 저,979-11-5763-812-3,93390?,,,,,,,15000,20190530,백산출판사,,,미납본,http://www.ibaeksan.kr
당신이 몰랐던 범죄학자 이야기,,저자 : 범인,979-11-89837-01-3,05180?,,,CIP2019018556?,,,,"1,800",20190524,팟빵북스,334.24,,미납본,http://www.podbbang.com
(전자책)무증거 범죄,,저자 : 쯔진천 역자 : 최정숙,979-11-6007-378-2,15820?,,,,,,,"10,500",20190514,한스미디어,,,미납본,http://www.hansmedia.com
범죄학,,지은이: 이윤호,979-11-303-0693-3,93350?,,,,제3판,,,29000,20190510,박영사,,,미납본,http://www.pybook.co.kr
"시니어, 속지 맙시다! - 시니어 맞춤형 범죄 예방교육 [CA0015678]",,저자 : 이재훈,979-11-357-1295-1,05900?,,,,,,,"30,000",20190501,(주)오디언소리,,,미납본,http://www.audien.com
범죄예방을 위한 셉테드 전략별 효과요인에 관한 연구,,"책임연구원: 강용길 공동연구원: 염윤호,민성화",979-11-6298-030-9,93350?,,,,,,,비매품/무료,20190501,치안정책연구소,,,미납본,
범죄환경 위험도 지수 개발 연구,2?,윤상연,979-11-6298-039-2,93350?,,,,,,,비매품/무료,20190501,치안정책연구소,,,미납본,
2018년 분기별 범죄동향 리포트(4분기),,저자 : 한국형사정책연구원,979-11-89908-15-7,93330?,,,,,,,비매품/무료,20190430,한국형사정책연구원,,,미납본,http://www.kic.re.kr
무증거 범죄,,쯔진천 지음 최정숙 옮김,979-11-6007-367-6,03820?,,,,,,,14800,20190429,한스미디어 :한즈미디어,,,미납본,http://www.hansmedia.com
(올라) 범죄수사학,,"편저인: 박노섭,이동희,이윤,장윤식",978-89-5819-208-4,13350?,,,CIP2019013878?,,,,20000,20190420,경찰공제회,367.43077,,미납본,http://www.pmaa.or.kr
IoT포렌식으로 알아보는 범죄현장 재해석,,저자 : 이별 안소현 엄정연 이형범,979-11-89779-10-8,95000?,,,CIP2019015250?,,,,"7,000",20190419,브이메이커스,4.61,,미납본,
선거사무장과 당선무효형 대상범죄 범위 (생활법률과 판결문),,저자 : 법률나무,979-11-284-1528-9,05360?,,,CIP2019014855?,,,,"39,000",20190415,서울문학,362.117,,미납본,
오스카 와일드의 아서 새빌 경의 범죄,,저자 : 오스카 와일드,979-11-288-4153-8,05840?,979-11-288-4152-1,05840?,,,오스카 와일드의 환상문학선,,"3,300",20190402,커뮤니케이션북스(주),,,미납본,http://www.commbooks.com
"시니어, 속지 맙시다! - 시니어 맞춤형 범죄 예방교육 [DA0015678]",,저자 : 이재훈,979-11-357-0723-0,05900?,,,,,,,"5,000",20190401,(주)오디언소리,,,미납본,http://www.audien.com
위기의 범죄자,,저자 : 황정한 안유정 삽화가(그림작가) : 전규만,979-11-966707-0-2,05650?,,,,,,,"27,200",20190401,별의정원,,,미납본,
온라인 그루밍 성범죄,,엘레나 마르텔로조 지음 탁틴내일 옮김,978-89-5827-120-8,13330?,,,CIP2019009097?,,,,20000,20190327,한울림,334.223,,미납본,http://www.inbumo.com
(현장사례중심) 범죄학,,이인열 저,978-89-6541-430-8,93350?,,,,,,,25000,20190320,진영사,,,미납본,
현대사회와 범죄,,정신교 저,978-89-472-8327-4,93360?,,,CIP2019007688?,개정2판,,,22000,20190318,형설출판사,364.4,,미납본,http://www.hyungseul.co.kr
과학범죄수사,,저자: 이건수,978-89-5565-772-2,93350?,,,,,,,28000,20190315,청목출판사,,,미납본,http://www.chongmok.co.kr
선거범죄수사론,,신현기 著,979-11-86386-13-2,93350?,,,CIP2019009273?,,,,20000,20190315,우공출판사,344,,미납본,
여성·청소년 범죄 수사실무총서,,저자 : 박태곤,978-89-7535-711-4,93360?,,,CIP2019005783?,2,,,"160,000",20190315,법문북스,367.43,,미납본,http://www.law.co.kr
현대 한국의 범죄와 형벌,,"지은이: 심희기,노성호,박혜진,김용수,이강민,윤지영,박다정,김연수,권창국,안성훈,전지연,김정환,박종승,김형국,이인영",979-11-303-3373-1,93360?,,,,제2판,,,27000,20190310,박영사,,,미납본,http://www.pybook.co.kr
법률 김밥 : 가정폭력범죄 확정후 동일범죄 기소,,저자 : 법률나무,979-11-284-1453-4,05360?,,,CIP2019008609?,,,,"2,900",20190306,서울문학,365.5,,미납본,
범죄예방론,,저자 : 이상원 김양현,978-89-5774-338-6,93350?,,,,,,,"38,000",20190305,대명출판사,,,미납본,
Vold의 이론범죄학,,"Thomas J. Bernard,Jeffrey B. Snipes,Alexander L. Gerould 지음 이순래,이성식,박정선,김성언,박철현,김상원,박성민,류준혁 옮김",978-89-5727-288-6,93350?,,,,,,,29000,20190305,그린,,,미납본,http://www.greenpress.co.kr
사이버 범죄 수사,,이건수 지음,978-89-5727-290-9,93350?,,,,,,,15000,20190304,그린,,,미납본,http://www.greenpress.co.kr
범죄예방론,,"Steven P. Lap 지음 이순래,박정선,박철현 옮김",978-89-5727-287-9,93350?,,,,,,,30000,20190304,그린,,,미납본,http://www.greenpress.co.kr
범죄심리학,,박지선 지음,978-89-5727-289-3,93180?,,,,제3판,,,20000,20190304,그린,,,미납본,http://www.greenpress.co.kr
위기 관리 총서 시리즈4 - 범죄 피해 위기 개입,,저자 : 육성필,,,979-11-89643-18-8,94370?,,,,,세트가미정,20190228,(주식회사)피와이메이트(PYMATE),,,미납본,
"‘SCP 진단시스템’ 구축, 성과 국제 공유로 서울시 국제적 범죄안전도시로 전환해야",,저자 : 원종석 김상균,979-11-5700-378-5,93530?,,,,,,,비매품/무료,20190228,(재)서울연구원,,,미납본,http://www.si.re.kr
국제범죄론,,지은이: 신상철,979-11-303-0746-6,93350?,,,,,,,26000,20190228,박영사,,,미납본,http://www.pybook.co.kr
범죄학개론,,전돈수 著,978-89-8468-825-4,93350?,,,,제3개정판,,,26000,20190227,(도서출판)21세기사,,,미납본,www.21cbook.co.kr
범죄피해의 이해와 개입,,"지은이: 육성필,박지란",979-11-89643-19-5,94370?,979-11-89643-18-8,94370?,,,,,10000,20190225,박영story :피와이메이트,,,미납본,
범죄피해의 이해와 개입,,"지은이: 육성필,박지란",979-11-89643-20-1,94370?,979-11-89643-18-8,94370?,,,,,5500,20190225,피와이메이트,,,미납본,
교통범죄수사실무론,,장승수 著,979-11-86386-12-5,93350?,,,CIP2019005267?,,,,25000,20190215,우공출판사,367.43,,미납본,
교통범죄수사론,,장승수 著,979-11-86386-11-8,93350?,,,CIP2019004752?,,,,35000,20190215,우공출판사,350.76,,미납본,
대한민국 범죄피해자 보호법 : 교양 법령집 시리즈,,저자 : 조세형,979-11-272-6217-4,03360?,,,,,,,"7,000",20190213,(주식회사)부크크,,,미납본,
2018년 분기별 범죄동향 리포트,,저자 : 강은영 조영오 박희정,979-11-965704-1-5,93330?,,,,,,,비매품/무료,20190131,한국형사정책연구원,,,미납본,http://www.kic.re.kr
"덜미, 완전범죄는 없다",2?,"한국일보 경찰팀 지음 글쓴이: 남상욱,정승임,김형준,이혜미,박진만,한소범,강진구,손영하",979-11-87572-13-8,04300?,979-11-87572-14-5,04300?,CIP2019001252?,,"덜미, 완전범죄는 없다",,16500,20190125,북콤마,351.176,353.36,미납본,
"덜미, 완전범죄는 없다",,저자 : 한국일보 경찰팀,,,979-11-87572-14-5,04300?,,,,,세트가미정,20190125,북콤마,,,미납본,
사이버범죄론,,이원상 저,979-11-303-0680-3,93330?,,,,,,,15000,20190107,박영사,,,미납본,http://www.pybook.co.kr
2018 서울사이버범죄백서,,편집자 : 서울지방경찰청 사이버안전과,979-11-962452-1-4,13350?,,,,,,,비매품/무료,20190103,서울지방경찰청,,,미납본,
공장밀집지역 배후 주거지의 범죄예방환경설계 가이드라인,,저자 : 손동필 유광흠 조영진 현태환 박유나,979-11-5659-222-8,93530?,,,,,,,비매품/무료,20181231,건축도시공간연구소,,,미납본,http://www.auri.re.kr
대도시 쇠퇴 상업지역의 범죄예방환경설계 가이드라인,,저자 : 손동필 유광흠 조영진 현태환 박유나,979-11-5659-221-1,93530?,,,,,,,비매품/무료,20181231,건축도시공간연구소,,,미납본,http://www.auri.re.kr
범죄예방 환경조성사업 현황과 평가,,"연구책임: 손동필 연구진: 유광흠,조영진,현태환,박유나",979-11-5659-213-6,93530?,,,,,,,23000,20181231,건축도시공간연구소,,,미납본,http://www.auri.re.kr
소년범죄자의 재범 실태 및 방지 대책 연구,,"책임연구원: 최정원 공동연구원: 강경균,강소영,김혁",979-11-5654-189-9,93330?,,,,,,,"10,000",20181231,한국청소년정책연구원,,,미납본,http://www.nypi.re.kr/
오페라에서 찾은 범죄심리,,"조윤오, 신소라",979-11-303-6154-3,95350?,,,,,,,10500,20181231,(주)박영사,,,미납본,http://www.pybook.co.kr
범죄학 이론,,김재민 저,979-11-303-0702-2,93350?,,,,,,,20000,20181230,박영사,,,미납본,http://www.pybook.co.kr
범죄피해자보호제도론,,"원혜욱,손진,홍민지,김재희,박상민,박경규 공저",978-89-6479-412-8,93360?,,,,,,,16000,20181224,Fides,,,미납본,
뇌과학과 범죄행위의 책임,,저자: 손지영,978-89-97259-21-2,93360?,,,,,,,15000,20181219,마루북스,,,미납본,
범죄의 본질을 깨달은 다니엘 (기독교 신앙칼럼),,저자 : 바이블 스터디,979-11-6317-746-3,05810?,,,,,,,"29,000",20181218,미디어북,,,미납본,
동남아시아사령부(SEAC) 문서 등,,국사편찬위원회 [편],978-89-8236-729-8,94910?,978-89-8236-713-7,94910?,,,일본군 '위안부'.전쟁범죄 자료집,,비매품/무료,20181210,국사편찬위원회,,,미납본,http://www.history.go.kr
동남아시아번역심문센터(SEATIC) 문서,,국사편찬위원회 [편],978-89-8236-730-4,94910?,978-89-8236-713-7,94910?,,,일본군 '위안부'.전쟁범죄 자료집,,비매품/무료,20181210,국사편찬위원회,,,미납본,http://www.history.go.kr
범죄의구성 인간흉기 [세트],,저자 : 박인권,,,979-11-355-1824-9,05810?,,,,,세트가미정,20181203,(주)코리아컨텐츠네트워크,,,미납본,
디지털성범죄에 대한 해외 주요국의 제도적 대응 실태 조사,,"연구수행기관: 사이버커뮤니케이션학회 책임연구원: 안정민 연구원: 김슬기,정소영",979-11-87948-19-3,93330?,,,,,,,비매품/무료,20181201,방송통신심의위원회 조사분석팀,,,미납본,
범죄와 인권,,저자 : 이동임 천정환,979-11-303-5676-1,95350?,,,,,,,12600,20181201,(주)박영사,,,미납본,http://www.pybook.co.kr
디지털성범죄 유통실태 보고서,,"사업책임: 최자은,임경진,강효선",979-11-6161-548-6,03330?,,,,,,,비매품/무료,20181201,서울특별시 :서울시여성가족재단,,,미납본,
정신질환자 범죄의 예방 및 감소를 위한 지역사회 내 관리방안,,연구책임자: 안성훈 공동연구자: 정진경,979-11-89908-01-0,93360?,,,,,,,10000,20181201,KIC(한국형사정책연구원),,,미납본,http://www.kic.re.kr
전국범죄피해조사,8?,"연구책임자: 전영실 공동연구자: 유진,노성훈",979-11-965704-2-2,93330?,,,,,,,15000,20181201,KIC(한국형사정책연구원),,,미납본,http://www.kic.re.kr
2018 디지털성범죄 피해자지원 사업 최종보고서,,"연구자: 최자은,임경진,강효선",979-11-87956-94-5,93330?,,,,,,,비매품/무료,20181201,서울시여성가족재단,,,미납본,http://www.seoulwomen.or.kr/
범죄예방 목적의 공공 CCTV 운영실태 및 개선방안 연구,,"연구책임자: 한민경 공동연구자: 박현호,C.W.R. Webster,Robert Carr",979-11-87160-93-9,93330?,,,,,,,10000,20181201,KIC(한국형사정책연구원),,,미납본,http://www.kic.re.kr
온라인 성폭력 범죄의 변화에 따른 처벌 및 규제방안,,연구책임자: 장다혜 공동연구자: 김수아,979-11-87160-92-2,93360?,,,,,,,10000,20181201,KIC(한국형사정책연구원),,,미납본,http://www.kic.re.kr
재외국민의 범죄피해 지원방안,,"연구책임자: 홍영오 공동연구자: 박준희,추지현,박우",979-11-87160-94-6,93330?,,,,,,,10000,20181201,KIC(한국형사정책연구원),,,미납본,http://www.kic.re.kr
크라우드 펀딩(crowdfunding)을 이용한 범죄의 실태와 대응방안 연구,,연구책임자: 이천현 공동연구자: 손영화,979-11-87160-97-7,93360?,,,,,,,10000,20181201,KIC(한국형사정책연구원),,,미납본,http://www.kic.re.kr
국제범죄방지를 위한 UN?국제협력 및 연구(ⅩⅣ),,"연구책임자: 승재현 공동연구자: 연성진,전현욱,이승진,나주원,Roderic Broadhurst,Benoit Dupont,강민정,백혜원,안수정,유하윤,정세윤,한고은,Sarah Gross",979-11-965704-4-6,93330?,,,,,,,10000,20181201,KIC(한국형사정책연구원),,,미납본,http://www.kic.re.kr
국제범죄 방지를 위한 UN?국제협력 및 연구(ⅩⅣ),,"연구책임자: 승재현 공동연구자: 연성진,전현욱,이승진,나주원,Roderic Broadhurst,Benoit Dupont,강민정,백혜원,안수정,유하윤,정세윤,한고은,Sarah Gross",979-11-965704-6-0,93330?,,,,,,,7000,20181201,KIC(한국형사정책연구원),,,미납본,http://www.kic.re.kr
국제범죄방지를 위한 UN?국제협력 및 연구(ⅩⅣ),,"연구책임자: 승재현 공동연구자: 연성진,전현욱,이승진,나주원,Roderic Broadhurst,Benoit Dupont,강민정,백혜원,안수정,유하윤,정세윤,한고은,Sarah Gross",979-11-965704-5-3,93330?,,,,,,,10000,20181201,KIC(한국형사정책연구원),,,미납본,http://www.kic.re.kr
장애인 범죄피해실태와 대책에 관한 연구,,"연구책임자: 김지영 공동연구자: 최수형,이권철,이진국,김강원,최정규",979-11-89908-00-3,93330?,,,,,,,10000,20181201,KIC(한국형사정책연구원),,,미납본,http://www.kic.re.kr
범죄와 인권 2판,,이동임,979-11-303-6429-2,95350?,,,,,,,12600,20181201,(주)박영사,,,미납본,http://www.pybook.co.kr
현대사회와 범죄학 6판,,허경미,979-11-303-5772-0,95350?,,,,,,,20300,20181201,(주)박영사,,,미납본,http://www.pybook.co.kr
범죄와 생활법률 2판,,송희진,979-11-303-5755-3,95360?,,,,,,,18200,20181201,(주)박영사,,,미납본,http://www.pybook.co.kr
5G 시대와 범죄,,"전대양 , 박동균, 김종오",979-11-303-5596-2,95350?,,,,,,,20300,20181201,(주)박영사,,,미납본,http://www.pybook.co.kr
신비한 동물들과 그린델왈드의 범죄,,시그네 버그스트롬 지음 최지원 옮김 미나리마 꾸밈,978-89-8392-706-4,03840?,,,CIP2018019535?,,,,35000,20181130,문학수첩,843.6,823.92,미납본,
미국의 성범죄자 등록·공개·고지법의 실효성에 관한 법제현안분석,,김영진,978-89-6684-862-1,93360?,,,,,,,5500,20181130,한국법제연구원,,,미납본,http://www.klri.re.kr
평화의 불씨 26년의 기록,,"지은이: 주한미군범죄근절운동본부 사진: 정택용,이재구,민중의소리,주한미군범죄근절운동본부 외",979-11-85253-59-6,03300?,,,CIP2018036604?,,,,12000,20181122,민중의소리,349.11042,327.519073,미납본,http://www.vop.co.kr
신비한 동물들과 그린델왈드의 범죄,,글: 조디 리븐슨 번역: 장선하,979-11-87824-41-1,03600?,,,,,,,32000,20181120,Art Nouveau,,,미납본,
"성범죄 처벌 강화, 우리 손으로 이뤄내자",,저자 : 김소영,979-11-272-5224-3,03800?,,,,,,,"11,500",20181113,(주식회사)부크크,,,미납본,
범죄고백,,저자 : 똘이엄마,979-11-5611-608-0,05800?,,,CIP2018036151?,,,,"5,800",20181112,잭슨필름,813.7,895.735,미납본,
범죄학교 [세트],,저자 : 박인권,,,979-11-6396-358-5,05810?,,,,,세트가미정,20181109,(주)코리아컨텐츠네트워크,,,미납본,
민관 빅데이터 융합을 통한 선제적 범죄예방 지원 서비스 개발,,안산시,979-11-290-0905-0,93330?,,,,,,,10000,20181107,진한엠앤비,,,미납본,http://www.jinhanbook.co.kr/
성범죄 특수수사팀 SSI (연재),,저자 : 요시다야 로쿠,979-11-286-0482-9,05830?,,,,,,,연재가,20181105,프라이데이 주식회사,,,미납본,
분기별 범죄동향리포트[2018년 2분기],,저자 : 강은영 조영오 박희정 최금나,979-11-87160-90-8,93330?,,,,,,,비매품/무료,20181031,한국형사정책연구원,,,미납본,http://www.kic.re.kr
범죄와 인권,,저자 : 박상식,978-89-6257-199-8,05360?,,,,개정2판,,,15000,20181025,경상대학교출판부,,,미납본,http://www.gspress.ac.kr
사이버 범죄,,데이비드 월 지음 정태진 옮김,978-89-6541-385-1,93350?,,,CIP2018032465?,개정판,,,15000,20181017,진영사,364.291,364.168,미납본,
(Britannica) 범죄 수사,,글: 봄봄 스토리 그림: 최병익,979-11-6233-885-8,77030?,978-89-378-8750-5,77030?,CIP2018031052?,,,,11000,20181005,Mirae N 아이세움 :미래엔,31,,미납본,http://www.mirae-n.co.kr
사실적시 명예훼손죄의 비범죄화 논의와 대안에 관한 연구,,"윤해성,김재현",979-11-87160-89-2,93360?,,,,,,,7000,20181001,KIC(한국형사정책연구원),,,미납본,http://www.kic.re.kr
범죄피해 조사론,,"공저자: 김재민,임낭연",979-11-303-0639-1,93350?,,,,,,,25000,20180930,박영사,,,미납본,http://www.pybook.co.kr
범죄피해 진술조력,,"공저자: 김동혁,임낭연",979-11-303-0641-4,93350?,,,,,,,19000,20180922,박영사,,,미납본,http://www.pybook.co.kr
과학수사로 보는 범죄의 흔적,,저자 : 유영규,979-11-5992-228-2,05300?,,,CIP2018029086?,,,,"9,900",20180920,(주)알마,367.43,363.25,미납본,http://www.munhak.com/books/brand.asp?pidx=8
범죄피해와 형사절차,,지은이: 김동혁,979-11-303-0640-7,93350?,,,,,,,15000,20180917,박영사,,,미납본,http://www.pybook.co.kr
오페라에서 찾은 범죄,,"조윤오,신소라 공저",979-11-303-0627-8,93350?,,,,,,,15000,20180915,박영사,,,미납본,http://www.pybook.co.kr
5G 시대와 범죄,,"지은이: 전대양,박동균,김종오",979-11-303-0653-7,93350?,,,,,,,29000,20180915,박영사,,,미납본,http://www.pybook.co.kr
월드 오브 워크래프트 : 전쟁범죄 - 광기의 끝[연재],,저자 : 크리스티 골든,978-89-5952-720-5,05840?,,,,,,,연재가,20180910,(주)제우미디어,,,미납본,http://www.jeumedia.com
국제범죄론,,신상철 저,979-11-6298-017-0,93350?,,,,,,,비매품/무료,20180903,경찰대학,,,미납본,
형법상 성폭력범죄의 판단기준 및 개선방안,,연구책임자: 장다혜 공동연구자: 이경환,979-11-89908-09-6,93360?,,,,,,,10000,20180901,KIC(한국형사정책연구원),,,미납본,http://www.kic.re.kr
북한이탈주민 탈북과정에서의 인신매매범죄 피해실태에 관한 탐색적 연구,,연성진,979-11-89908-07-2,93330?,,,,,,,10000,20180901,KIC(한국형사정책연구원),,,미납본,http://www.kic.re.kr
"유명한 범죄 4 (Celebrated Crimes - I, II, III) ? 들으면서 읽는 영어 오디오북 826",,저자 : 알렉상드르 뒤마 (Alexandre Dumas),979-11-296-0588-7,05740?,,,,,,,"2,500",20180831,논객넷 출판사,,,미납본,
"유명한 범죄 5 (Celebrated Crimes - I, II) ? 들으면서 읽는 영어 오디오북 827",,저자 : 알렉상드르 뒤마 (Alexandre Dumas),979-11-296-0589-4,05740?,,,,,,,"2,500",20180831,논객넷 출판사,,,미납본,
유명한 범죄 1 (Celebrated Crimes - Borgias) ? 들으면서 읽는 영어 오디오북 823,,저자 : 알렉상드르 뒤마 (Alexandre Dumas),979-11-296-0585-6,05740?,,,,,,,"2,500",20180831,논객넷 출판사,,,미납본,
유명한 범죄 3 (Celebrated Crimes - Mary Stuart) ? 들으면서 읽는 영어 오디오북 825,,저자 : 알렉상드르 뒤마 (Alexandre Dumas),979-11-296-0587-0,05740?,,,,,,,"2,500",20180831,논객넷 출판사,,,미납본,
"유명한 범죄 7 (Celebrated Crimes - I, II, III) ? 들으면서 읽는 영어 오디오북 829",,저자 : 알렉상드르 뒤마 (Alexandre Dumas),979-11-296-0591-7,05740?,,,,,,,"2,500",20180831,논객넷 출판사,,,미납본,
"유명한 범죄 8 (Celebrated Crimes - I, II, III) ? 들으면서 읽는 영어 오디오북 830",,저자 : 알렉상드르 뒤마 (Alexandre Dumas),979-11-296-0592-4,05740?,,,,,,,"2,500",20180831,논객넷 출판사,,,미납본,
유명한 범죄 2 (Celebrated Crimes - The Massacres of the South) ? 들으면서 읽는 영어 오디오북 824,,저자 : 알렉상드르 뒤마 (Alexandre Dumas),979-11-296-0586-3,05740?,,,,,,,"2,500",20180831,논객넷 출판사,,,미납본,
"유명한 범죄 6 (Celebrated Crimes - I, II, III) ? 들으면서 읽는 영어 오디오북 828",,저자 : 알렉상드르 뒤마 (Alexandre Dumas),979-11-296-0590-0,05740?,,,,,,,"2,500",20180831,논객넷 출판사,,,미납본,
기업범죄론,,저자 : 이승준,978-89-7295-410-1,95360?,,,,,,,"24,000",20180830,충북대학교출판부,,,미납본,
증권범죄의 이론과 실무,,조두영 저,979-11-303-0608-7,93360?,,,,,,,34000,20180830,박영사,,,미납본,http://www.pybook.co.kr
범죄와 인권,,"지은이: 이동임,천정환",979-11-303-0636-0,93350?,,,,제2판,,,18000,20180830,박영사,,,미납본,http://www.pybook.co.kr
사회변화와 범죄- 중세 잉글랜드를 중심으로,,저자 : 홍성표,978-89-7295-470-5,95920?,,,,,,,"28,000",20180830,충북대학교출판부,,,미납본,
(2017) 보험범죄론,,유재두 저,978-89-92949-23-1,93330?,,,CIP2017021551?,,,,20000,20180830,동강,364.23,345.025,미납본,
범죄와 인권,,박상식 지음,978-89-6257-165-3,03360?,,,CIP2018027087?,개정2판,,,15000,20180830,경상대학교출판부,364.4,345.02,미납본,http://www.gspress.ac.kr
디지털 성범죄 행위자에 대한 구상권 행사 방안,,"연구책임자: 박복순 공동연구자: 조선주,윤덕경,정수연,김현아",978-89-8491-904-4,93330?,,,,,,,10000,20180826,한국여성정책연구원,,,미납본,http://www.kwdi.re.kr
범죄특별시 5권,,저자 : 김성동,979-11-346-2708-9,05810?,,,,,,,500,20180824,미스터블루(주식회사),,,미납본,http://www.mrblue.com
범죄특별시 12권,,저자 : 김성동,979-11-346-2715-7,05810?,,,,,,,500,20180824,미스터블루(주식회사),,,미납본,http://www.mrblue.com
범죄특별시 21권,,저자 : 김성동,979-11-346-2724-9,05810?,,,,,,,500,20180824,미스터블루(주식회사),,,미납본,http://www.mrblue.com
범죄특별시 6권,,저자 : 김성동,979-11-346-2709-6,05810?,,,,,,,500,20180824,미스터블루(주식회사),,,미납본,http://www.mrblue.com
범죄특별시 13권,,저자 : 김성동,979-11-346-2716-4,05810?,,,,,,,500,20180824,미스터블루(주식회사),,,미납본,http://www.mrblue.com
범죄특별시 22권,,저자 : 김성동,979-11-346-2725-6,05810?,,,,,,,500,20180824,미스터블루(주식회사),,,미납본,http://www.mrblue.com
범죄특별시 3권,,저자 : 김성동,979-11-346-2706-5,05810?,,,,,,,500,20180824,미스터블루(주식회사),,,미납본,http://www.mrblue.com
범죄특별시 10권,,저자 : 김성동,979-11-346-2713-3,05810?,,,,,,,500,20180824,미스터블루(주식회사),,,미납본,http://www.mrblue.com
범죄특별시 17권,,저자 : 김성동,979-11-346-2720-1,05810?,,,,,,,500,20180824,미스터블루(주식회사),,,미납본,http://www.mrblue.com
범죄특별시 19권,,저자 : 김성동,979-11-346-2722-5,05810?,,,,,,,500,20180824,미스터블루(주식회사),,,미납본,http://www.mrblue.com
범죄특별시 4권,,저자 : 김성동,979-11-346-2707-2,05810?,,,,,,,500,20180824,미스터블루(주식회사),,,미납본,http://www.mrblue.com
범죄특별시 11권,,저자 : 김성동,979-11-346-2714-0,05810?,,,,,,,500,20180824,미스터블루(주식회사),,,미납본,http://www.mrblue.com
범죄특별시 18권,,저자 : 김성동,979-11-346-2721-8,05810?,,,,,,,500,20180824,미스터블루(주식회사),,,미납본,http://www.mrblue.com
범죄특별시 20권,,저자 : 김성동,979-11-346-2723-2,05810?,,,,,,,500,20180824,미스터블루(주식회사),,,미납본,http://www.mrblue.com
범죄특별시 2권,,저자 : 김성동,979-11-346-2705-8,05810?,,,,,,,500,20180824,미스터블루(주식회사),,,미납본,http://www.mrblue.com
범죄특별시 9권,,저자 : 김성동,979-11-346-2712-6,05810?,,,,,,,500,20180824,미스터블루(주식회사),,,미납본,http://www.mrblue.com
범죄특별시 16권,,저자 : 김성동,979-11-346-2719-5,05810?,,,,,,,500,20180824,미스터블루(주식회사),,,미납본,http://www.mrblue.com
범죄특별시 1권,,저자 : 김성동,979-11-346-2704-1,05810?,,,,,,,500,20180824,미스터블루(주식회사),,,미납본,http://www.mrblue.com
범죄특별시 8권,,저자 : 김성동,979-11-346-2711-9,05810?,,,,,,,500,20180824,미스터블루(주식회사),,,미납본,http://www.mrblue.com
범죄특별시 15권,,저자 : 김성동,979-11-346-2718-8,05810?,,,,,,,500,20180824,미스터블루(주식회사),,,미납본,http://www.mrblue.com
범죄특별시 세트,,저자 : 김성동,,,979-11-346-2727-0,05810?,,,,,"11,500",20180824,미스터블루(주식회사),,,미납본,http://www.mrblue.com
범죄특별시 7권,,저자 : 김성동,979-11-346-2710-2,05810?,,,,,,,500,20180824,미스터블루(주식회사),,,미납본,http://www.mrblue.com
범죄특별시 14권,,저자 : 김성동,979-11-346-2717-1,05810?,,,,,,,500,20180824,미스터블루(주식회사),,,미납본,http://www.mrblue.com
범죄특별시 23권,,저자 : 김성동,979-11-346-2726-3,05810?,,,,,,,500,20180824,미스터블루(주식회사),,,미납본,http://www.mrblue.com
범죄학 제대로 알기(제2판),,저자 : 양원규 배철효 정우열 장철영,979-11-6639-094-4,95350?,,,,제2판,,,"25,000",20180823,백산출판사,,,미납본,http://www.ibaeksan.kr
"여성 대상 범죄, 처벌 강화해야",,저자 : 김소영,979-11-272-4630-3,03340?,,,,,,,"12,000",20180821,(주식회사)부크크,,,미납본,
범죄와 생활법률,,지은이: 송희진,979-11-303-3238-3,93360?,,,,제2판,,,26000,20180820,박영사,,,미납본,http://www.pybook.co.kr
범죄사실 보도자료 배포와 공익성 (판결문 모음집),,저자 : 법률나무,979-11-284-1128-1,05360?,,,,,,,"39,000",20180814,서울문학,,,미납본,
현대사회와 범죄학,,허경미 저,979-11-303-0599-8,93350?,,,,제6판,,,29000,20180810,박영사,,,미납본,http://www.pybook.co.kr
암컷화 범죄 근절 계획,,저자 : Mocharo,,,979-11-6333-281-7,05650?,,,,,세트가미정,20180810,(주식회사)넥스큐브,,,미납본,
"범죄 공장 (La fabrique de crimes) 프랑스어, 오디오북 + 이북이 하나로 092 ◆ 부록 첨부",,저자 : Paul F?val,979-11-296-0435-4,05760?,,,,,,,"3,500",20180731,논객넷 출판사,,,미납본,
범죄 공장 (La fabrique de crimes) 프랑스어 문학 시리즈 110 ◆ 부록 첨부,,저자 : Paul F?val,979-11-296-0357-9,05760?,,,,,,,"2,500",20180731,논객넷 출판사,,,미납본,
(여성범죄 전담 형사가 들려주는) 미친놈들에게 당하지 않고 살아남는 법,,이회림 지음,979-11-88700-15-8,13510?,,,CIP2018018401?,,,,15800,20180720,청림life :청림출판,698.8,796.8,미납본,
범죄 콘서트,,저자 : 우문영,979-11-07-22907-4,05300?,,,,,,,"20,000",20180715,(주)컨텐츠포탈,,,미납본,
범죄 콘서트,,저자 : 우문영,979-11-07-22253-2,05300?,,,,,,,"70,000",20180715,(주)컨텐츠포탈,,,미납본,
장식과 범죄,,저자 : 아돌프 로스,978-89-94027-91-3,93610?,,,,,,,"25,000",20180710,미디어버스,,,미납본,http://www.mediabus.org
분기별 범죄동향 리포트 1분기,,저자 : 강은영,979-11-87160-87-8,93330?,,,,,,,비매품/무료,20180630,한국형사정책연구원,,,미납본,http://www.kic.re.kr
무심한 듯 시크하게-범죄의 시대(연재),,저자 : 한상운,979-11-294-7827-6,05810?,,,,,,,연재가,20180618,(주)로크미디어,,,미납본,http://www.rokmedia.com
범죄도시,,저자 : 현석,979-11-88739-43-1,05810?,,,,,,,12000,20180606,(주)필름몽,,,미납본,http://www.bookcine.com
(경비 지도사 clear) 범죄학,,편저: EBS교수진,979-11-254-4704-7,13350?,,,,개정7판,,,27000,20180605,시대고시기획,,,미납본,http://www.sidaegosi.com
범죄학,,저자 : 김형중 이도선 정의롬,978-89-5727-282-4,95330?,,,CIP2018017496?,,,,"17,000",20180605,(도서출판)그린,364.4,345.02,미납본,http://www.greenpress.co.kr
사이버범죄학 제2판,,저자 : 이성식,978-89-5727-275-6,95350?,,,CIP2018017221?,개정2판,,,"11,300",20180604,(도서출판)그린,364.291,364.168,미납본,http://www.greenpress.co.kr
한국의 범죄현상과 형사정책(2017),,저자 : 한국형사정책연구원,979-11-87160-88-5,93330?,,,,,,,"15,000",20180531,한국형사정책연구원,,,미납본,http://www.kic.re.kr
범죄특별시,22?,글·그림: 김성동,979-11-292-9714-3,07810?,979-11-292-9692-4,07810?,,,범죄특별시,22,4000,20180530,미스터블루,,,미납본,http://www.mrblue.com
범죄특별시,21?,글·그림: 김성동,979-11-292-9713-6,07810?,979-11-292-9692-4,07810?,,,범죄특별시,21,4000,20180530,미스터블루,,,미납본,http://www.mrblue.com
범죄특별시,23(완결)?,글·그림: 김성동,979-11-292-9715-0,07810?,979-11-292-9692-4,07810?,,,범죄특별시,23,4000,20180530,미스터블루,,,미납본,http://www.mrblue.com
범죄특별시,19?,글·그림: 김성동,979-11-292-9711-2,07810?,979-11-292-9692-4,07810?,,,범죄특별시,19,4000,20180528,미스터블루,,,미납본,http://www.mrblue.com
범죄특별시,20?,글·그림: 김성동,979-11-292-9712-9,07810?,979-11-292-9692-4,07810?,,,범죄특별시,20,4000,20180528,미스터블루,,,미납본,http://www.mrblue.com
범죄특별시,17?,글·그림: 김성동,979-11-292-9709-9,07810?,979-11-292-9692-4,07810?,,,범죄특별시,17,4000,20180525,미스터블루,,,미납본,http://www.mrblue.com
범죄특별시,18?,글·그림: 김성동,979-11-292-9710-5,07810?,979-11-292-9692-4,07810?,,,범죄특별시,18,4000,20180525,미스터블루,,,미납본,http://www.mrblue.com
범죄특별시,15?,글·그림: 김성동,979-11-292-9707-5,07810?,979-11-292-9692-4,07810?,,,범죄특별시,15,4000,20180523,미스터블루,,,미납본,http://www.mrblue.com
범죄특별시,16?,글·그림: 김성동,979-11-292-9708-2,07810?,979-11-292-9692-4,07810?,,,범죄특별시,16,4000,20180523,미스터블루,,,미납본,http://www.mrblue.com
범죄특별시,13?,글·그림: 김성동,979-11-292-9705-1,07810?,979-11-292-9692-4,07810?,,,범죄특별시,13,4000,20180521,미스터블루,,,미납본,http://www.mrblue.com
범죄특별시,14?,글·그림: 김성동,979-11-292-9706-8,07810?,979-11-292-9692-4,07810?,,,범죄특별시,14,4000,20180521,미스터블루,,,미납본,http://www.mrblue.com
범죄특별시,11?,글·그림: 김성동,979-11-292-9703-7,07810?,979-11-292-9692-4,07810?,,,범죄특별시,11,4000,20180518,미스터블루,,,미납본,http://www.mrblue.com
범죄특별시,12?,글·그림: 김성동,979-11-292-9704-4,07810?,979-11-292-9692-4,07810?,,,범죄특별시,12,4000,20180518,미스터블루,,,미납본,http://www.mrblue.com
범죄특별시,9?,글·그림: 김성동,979-11-292-9701-3,07810?,979-11-292-9692-4,07810?,,,범죄특별시,9,4000,20180516,미스터블루,,,미납본,http://www.mrblue.com
범죄특별시,10?,글·그림: 김성동,979-11-292-9702-0,07810?,979-11-292-9692-4,07810?,,,범죄특별시,10,4000,20180516,미스터블루,,,미납본,http://www.mrblue.com
범죄특별시,8?,글·그림: 김성동,979-11-292-9700-6,07810?,979-11-292-9692-4,07810?,,,범죄특별시,8,4000,20180514,미스터블루,,,미납본,http://www.mrblue.com
범죄특별시,7?,글·그림: 김성동,979-11-292-9699-3,07810?,979-11-292-9692-4,07810?,,,범죄특별시,7,4000,20180514,미스터블루,,,미납본,http://www.mrblue.com
범죄특별시,6?,글·그림: 김성동,979-11-292-9698-6,07810?,979-11-292-9692-4,07810?,,,범죄특별시,6,4000,20180510,미스터블루,,,미납본,http://www.mrblue.com
범죄특별시,5?,글·그림: 김성동,979-11-292-9697-9,07810?,979-11-292-9692-4,07810?,,,범죄특별시,5,4000,20180510,미스터블루,,,미납본,http://www.mrblue.com
범죄특별시,4?,글·그림: 김성동,979-11-292-9696-2,07810?,979-11-292-9692-4,07810?,,,범죄특별시,4,4000,20180508,미스터블루,,,미납본,http://www.mrblue.com
2018 핵심요해 범죄수사학,,저자 : 이동희 이윤 박노섭 장윤식,978-89-5819-199-5,13350?,,,CIP2018013486?,,,,"19,000",20180508,(사)경찰공제회,367.43077,363.25,미납본,http://www.pmaa.or.kr
범죄특별시,3?,글·그림: 김성동,979-11-292-9695-5,07810?,979-11-292-9692-4,07810?,,,범죄특별시,3,4000,20180508,미스터블루,,,미납본,http://www.mrblue.com
(신경향) 범죄학,,저자 : 김순석,979-11-5763-638-9,15350?,,,,,,,18000,20180508,백산출판사,,,미납본,http://www.ibaeksan.kr
여성 청소년 범죄 수사실무총서,,저자 : 박태곤,978-89-7535-662-9,95360?,,,,,,,"160,000",20180505,법문북스,,,미납본,http://www.law.co.kr
2018년판 범죄수사규칙,,저자 : 신현덕,978-89-5755-224-7,95360?,,,,,,,"160,000",20180505,법률 미디어,,,미납본,http://www.lawb.co.kr
범죄특별시,1?,글·그림: 김성동,979-11-292-9693-1,07810?,979-11-292-9692-4,07810?,,,범죄특별시,1,4000,20180504,미스터블루,,,미납본,http://www.mrblue.com
범죄특별시,2?,글·그림: 김성동,979-11-292-9694-8,07810?,979-11-292-9692-4,07810?,,,범죄특별시,2,4000,20180504,미스터블루,,,미납본,http://www.mrblue.com
범죄특별시,,저자 : 김성동,,,979-11-292-9692-4,07810?,,,,,"92,000",20180503,미스터블루(주식회사),,,미납본,http://www.mrblue.com
(재미있고 알기 쉬운) 범죄 심리학,,우치야마 아야코 감수 유엔제이 옮김,978-89-6754-090-6,03180?,,,,,,,13000,20180430,우듬지,,,미납본,
대한민국에서 범죄피해자가 되지 않는 법,,저자 : 배상훈,979-11-88331-25-3,05330?,,,CIP2018010700?,,,,"10,500",20180426,스노우폭스북스,334.2,361.1,미납본,
범죄자의 마음을 읽는 기술과 정의로운 경찰상,,저자 : 김원석,978-89-6541-363-9,93350?,,,,,,,"25,000",20180425,(도서출판)진영사,,,미납본,
